UserId,UserName,UserAge
0,Kelly Miller,24
1,Larry Salazar,24
2,Ryan Norman,19
3,Sara Berger,23
4,John Sherman,20
5,Jared Schroeder,25
6,Gina Olsen,18
7,Paul Ruiz,21
8,Paul Moore,22
9,Catherine Alvarez,21
10,John Miller,22
13,Sarah Oconnor,22
14,Bradley Levy,23
16,Lauren Poole,22
17,Amanda Dunn,20
19,Nicholas Todd,21
20,Christine Hart,18
21,Danielle Parks,24
22,Hannah Johnson,20
23,Joshua Huff,19
24,Michael Adams,23
25,Carlos Lee,21
26,Sean Middleton,19
27,Robert Copeland,23
28,Douglas Moore,22
29,Brandi Payne,18
30,Kimberly Simpson MD,21
31,Renee Cole,21
32,Christina Warren,22
33,Kayla Miles,25
34,Michele Vargas,24
35,Jared Richards,22
36,Chloe Kennedy,20
38,Carla Miller,25
39,Adriana Reyes,24
40,Brenda Rose,22
41,Debra Russell,24
44,Elizabeth Henry,20
45,Yvette Sampson,22
46,Wyatt Harper,24
47,Sharon Ramirez,22
48,John Morris,25
49,Kelly Holmes,18
50,Jacqueline Taylor,20
51,Carlos Bradley,23
52,Dominic Martin,19
53,Joshua Austin,22
54,Jessica Hughes,23
55,Michael White,22
56,John Ramirez,24
57,Danielle Hall,24
58,Jennifer Stone,19
59,Heidi Morales,21
60,Austin Benjamin,20
61,Adam Harrison,22
62,Jon Foster,20
63,Sheri Sandoval,20
64,Joshua Smith,20
65,Colton Duran,24
66,Kevin Davis,22
67,Tiffany Allen,21
68,Chelsea Montoya,21
69,Emily Jones,25
70,Jeffrey Frank,20
71,John Wolf,19
72,David Jackson,21
73,Zachary Morris,24
75,Brian Turner,24
76,Samantha Guerra,18
77,Riley Martin,20
78,Joshua Benjamin,19
79,Kenneth Conner,19
80,Bruce Thompson,24
81,Charles Wallace,23
82,Paige Walsh,25
83,Dustin Duran,19
84,Brian Thompson,24
85,Elizabeth Cline,20
86,Zachary Miller,24
87,Brandon Herman,23
88,Rhonda Carter,20
89,Mark Mitchell,22
90,Jonathan Sanchez,19
91,Christopher Powell,24
92,David Barnes,24
93,Jeffrey Morgan,25
94,Ashley Bowen,20
95,Steven Howard,19
96,Kirsten Morgan,24
97,Susan Reilly,18
98,Brittany Wright,25
99,Megan Nichols,24
100,Joseph Lynch,23
101,Michael Hart,18
102,Jennifer Smith,21
103,Eric Gonzales,20
104,Dustin Ortega,21
105,Sarah Garza,19
106,Michelle Bates,25
107,Matthew Martin,22
108,Linda Rice,23
109,Crystal Barnett,25
110,Melissa Pacheco,24
111,Anne Tate,24
112,Darius Moyer,19
113,Paige Waters,20
115,Christina Novak,22
116,Scott Tran MD,21
117,Ryan Hart,19
118,Jacqueline Perry,24
119,Lisa Mills,25
120,Andrew Harris,20
121,Joseph Wood,18
122,Kimberly Dunn,22
123,Mary Larson,22
124,George Arnold,25
125,Vanessa Strong DDS,25
126,Yolanda Stewart,25
127,Guy Johnson,21
128,Holly Torres,20
129,Matthew Singh,25
130,Margaret Rodriguez DDS,22
131,Erin Warren,18
132,Jennifer Miller,22
133,Renee Roth,22
134,Catherine Salinas,24
135,Sara Harrington,19
136,Kelly Cobb,21
137,Samuel Garcia,21
139,Ashley Jones MD,19
140,Bryan Ellison II,23
141,Sarah Campbell,24
142,Andrew Ross,18
143,Stephanie Robbins,19
144,Laura Fry,22
145,Caleb Dickson,23
146,Ross Carpenter,23
147,Jennifer Cummings,19
148,Jerry Lyons,22
149,Kathleen Garcia,18
150,Peter Burton,24
151,John Arnold,18
152,Mr. Vernon Rose,22
153,Christopher Jones,20
154,Jennifer Smith,19
155,Luke Hernandez,24
156,Lynn Benjamin,18
158,Brittany Hess,22
159,Amanda Powell,19
160,Brittany Greer,22
161,Patrick Hale,18
162,Christopher Swanson,23
163,Ashley Clark,20
164,David Williams,25
165,Elizabeth Diaz,21
166,Amanda Moses,25
167,Jeffrey Ward,20
168,Sheena Blackburn,25
169,Justin Johnson,20
170,Javier Bowman,22
171,Kelsey Aguilar,22
172,Randall Alvarado,23
173,Crystal Bailey,18
174,Megan Williams,18
175,Audrey Schmidt,25
176,Ryan George,23
177,Toni Cunningham,19
178,John Gibbs,20
180,Jennifer Graham,24
181,Tamara Garza,19
182,Carol Price,18
184,Michael Mendoza,19
185,Karen Howard,24
186,Paul Diaz,24
187,Kristina Moon,25
188,Laura Friedman,18
189,Gregory Jordan,23
190,Martin Graham,25
192,Monica Davis,24
193,Michelle Jones,25
194,Bryan Allen,21
195,Melissa Romero,19
196,Michael Arnold,24
197,Julie Lopez,24
198,Frank Gray,24
199,David Nelson,23
200,Micheal Jarvis,24
201,Tammy Martin,19
202,Melissa Ramsey,21
203,Jose Ortiz,24
204,Isaac Richards,20
206,Anna Fry,25
207,Madison Grant,22
208,Sarah Cross,25
211,Heather Craig,22
212,Destiny Pittman,22
213,Jennifer Smith,23
214,Ruth Ellison,19
216,Kelsey Avila,23
217,Cody Saunders,23
218,Mr. Steven Lewis DDS,19
219,Jillian Williams,23
220,Brittney Macias,21
221,Kevin Wade,25
222,Brandon Phillips,23
223,Candice Diaz,19
224,Scott Duke,18
225,David Nelson,22
226,Mallory Velazquez,18
227,Elizabeth Barr,21
228,Mary Murray,19
229,Christine Carter,21
230,Michael White,23
231,Renee Mills,22
232,Lauren Long,22
233,Craig Lewis,22
234,Cynthia Bell,22
236,Ronald Bradley,24
238,Paula Johnson,22
239,Terry Nguyen,25
242,Justin Holt,22
243,Stacey Lam,22
244,Gary Graham,18
245,Tiffany Dickson,22
246,Michele Tyler,21
248,Miranda May,23
249,Cody Smith,24
250,Angela Gould,25
251,Richard Lewis,21
252,Raymond Ross,20
254,David Zuniga,21
257,Kari Webb,23
258,Heather Bolton,24
259,Olivia Wilson,24
260,Michael Wilkinson,23
261,Elizabeth Myers,21
262,Christopher West,19
263,Michael Mcpherson,21
265,Bradley Johnson,21
266,Mark Kennedy,23
268,Norman Brandt,20
269,Sara Jones,22
271,Andre Stokes,19
272,Katherine Allen,22
273,Kelly French,23
274,Cynthia Thompson,23
275,Doris Parrish,18
276,Amber Stephens,22
277,Sarah Wade,20
280,Phillip Reynolds,18
281,Evan Williams,23
284,Christopher Romero Jr.,23
285,Maria Johnson,23
288,Eric Jones,18
290,Dorothy Rivera,25
291,Nicole Armstrong,21
297,Melissa Tran,24
299,Shannon Soto,22
300,Mrs. Sheri Thompson DDS,21
301,Alison Young,25
302,Robert Page,24
303,Gerald Davis,21
304,Stephen Owens,20
305,Connie Golden,18
306,Jennifer Flowers,24
308,Frank Crane,20
309,Donald Scott,18
310,Marissa Roberts,23
311,Nicholas Gonzalez,25
312,Todd Ortiz,19
313,Julie Cooper,18
314,Cassandra Rogers,24
315,Robert Dean,24
318,Jessica Rivera,22
319,Kevin Carr,24
320,Nathan Meyer,23
322,Paul West,21
323,Angelica Johnson,25
324,Craig Brown,19
325,John Miller,24
326,Megan Rodriguez,19
329,Amy Marquez,25
330,Emily Coleman,21
331,Kevin Jones,18
333,Troy Clark,24
334,Morgan Oconnor,23
339,Peter Ramos,20
348,Patrick Moore,19
349,Sara Haas,20
350,Gregory Sims,19
351,Christopher Trujillo,20
352,Joseph Wells,24
353,Andrea Cooper,21
354,Sara Wright,23
355,Stephanie Banks,25
356,Jason Thomas,20
357,Thomas Evans,21
359,Robin Ramirez,21
360,Robert Miller,19
361,Michael Adams,23
362,Christina Harris,22
363,Peter Dorsey,25
364,Gina Cohen,19
365,Benjamin Hansen,18
366,Gloria Clark,18
367,Tracy Smith,23
368,Kyle Ward,20
369,Bailey Andrews,19
370,Gregory Santiago,25
371,James Rios,19
372,Megan Andrews,24
373,Judy Harrison,25
374,Brandon Bates,21
375,Stephen Gonzalez,23
376,Jamie Boone,23
377,Joy Swanson,25
378,Juan Vazquez,20
379,Kenneth Oneill,18
380,Taylor Chen,25
381,Thomas Randall,20
382,Dawn Moore,18
383,Natalie Harper,18
384,Christopher Evans,22
385,Philip Robinson,23
386,Lori Stewart,19
387,Cory Potter,18
388,Margaret Scott,22
389,Darren Curry,25
390,Donald Bell,24
391,Carol Riley,24
392,Joshua Gray,23
393,David Navarro,22
394,Jessica Lawrence,23
395,Megan Berry,25
396,Dominique Garcia,23
397,Jason Hunt,22
398,Michelle Duarte,18
399,Andrew Dawson,20
400,Logan Wood,25
402,Peter Phelps,19
403,Anthony Williams,21
404,Corey Garza,25
405,Alan Dalton,19
406,Allen Anthony,24
407,Robert Clark,22
408,Jacob Leblanc,25
409,Joshua Hamilton,19
410,Brittney Meyer,22
411,Shane Macias,18
412,Haley Perry,23
413,Tammy Navarro,18
414,Michael Lewis,18
415,Brandon Liu,20
416,Thomas Adkins,22
417,Angela Conrad,25
418,Edward White,24
419,Charles White,20
420,Carrie Clark,18
421,Laurie Davis,25
422,Mitchell Spears,19
423,Keith Lambert,24
424,Chris Thomas,21
425,Brandi Brown,20
426,Caleb Miller,23
427,Haley King,18
428,James Willis,22
429,Michael Lawrence,25
430,Jeffrey Henderson,25
431,Donna Smith,25
432,Scott Palmer,25
433,Barry Baker,23
434,Kristin Cunningham,24
435,Katie Martin,19
436,Christopher Young,24
437,Robin Johnson,22
438,Brian Turner,25
439,Yolanda Castro,22
440,Scott Anderson,20
441,Mrs. Cheryl Benjamin,19
442,Sheila Sanchez,20
443,Dr. Ronald Boyd,19
444,Brian Nelson,22
445,Leslie White,23
446,Rita Collins,20
448,Nancy Phillips,21
449,Emily Washington,18
450,Kathy Ellis,21
451,Harold Hall,19
452,Tracey Smith,23
453,Aaron Boyle,22
454,Megan Ritter,25
455,Lisa Giles,21
456,Angela Williams,24
457,Meghan Ramirez,21
458,David Fischer,19
459,John Gonzales,25
460,Robert Delgado,18
461,David Nelson,19
462,Kevin Harrell,20
463,Kirk Williams,22
464,Frank Collins,25
465,Karen Serrano,21
466,Devin Powell,21
467,David Mcdonald,20
469,Nicole Boone MD,19
470,Rhonda Mendoza,20
471,Patricia James,25
472,Hannah Wilson,19
473,Scott Rodriguez,23
474,Karen Mccullough,22
475,Cynthia Bell,24
476,Timothy Reed,22
477,Melissa Decker,22
478,Michelle Sharp,18
479,Richard Olson,22
480,Billy Bass,24
481,Kevin Coleman,18
482,Victor Walker,19
483,Susan Pineda,18
484,Alicia Willis,20
485,Lori Reed,24
486,Patricia Harding,25
487,Sherry Pope,20
488,Kim Aguilar,21
489,Jared Patterson,21
490,Gregory Farrell,20
491,Marc Campbell,25
492,Elizabeth Carter,18
493,Carla Williams,25
494,Chelsea Zamora,25
495,Kristen Kent,18
496,Joyce Bridges,25
497,Andrea Jones,22
498,Rebecca Mitchell,18
499,Richard Moreno,20
500,Evan Pugh,20
501,Robert Sawyer,18
502,Hailey Reed,20
503,Taylor Jones,20
504,Monica Gregory,19
505,Ashley Melendez,18
506,Hector Taylor,20
507,Christopher Cruz,20
508,Melissa Kim,21
509,Christina Hammond,24
510,Donald Tran,23
511,Micheal Murray,22
512,Fred Carrillo,20
513,Katherine Hardy,24
514,Stephen Benton,23
515,Eric Reed,22
516,Elizabeth Cochran,21
517,Teresa Andrews,22
518,Maria Barker,18
519,Mary Johnson,19
520,David Freeman,19
521,Jessica Guerrero,25
522,Sharon Henderson,25
523,Dr. Kristopher Fuentes,25
524,John Wilson,25
525,Alyssa Mcgee,19
526,Jerry Perry,24
527,Cynthia Greene,22
528,Rachel Clark,21
529,Kenneth Petty,25
531,William Johnson,25
532,Richard Horne,24
534,Angela Moody,22
536,Ethan White Jr.,24
537,John Forbes,24
538,Kimberly Kaufman,21
539,Susan Rodriguez,22
540,Dominique Bird,21
541,Thomas Knight,20
542,Michael Smith,24
543,Miranda Savage,23
544,Diane Simmons,20
545,Travis Gonzalez,21
546,Tiffany Lewis,19
547,Nicholas Lawson,24
548,Michael Gibson,25
549,Dylan Banks,21
551,Christina Moore,24
553,Christopher Lane,20
554,Michelle Williams,24
555,Lauren Hughes,22
556,James Tapia,23
557,Michael Martin,22
558,Holly Nguyen,19
559,Karen Greene,23
560,Olivia Webster,24
561,Brian Vaughn,18
563,Marissa Jackson,19
566,Megan Knapp,23
567,Amanda Morrow,23
573,Michelle Berg,21
574,Billy Park,20
575,Richard Sloan,22
576,Raymond Sanders,23
577,Jared Conley,18
578,Thomas Sanford,19
579,Thomas Salinas,20
580,Wendy Hurst,25
581,Sarah Haney,21
582,Kelly Foster,24
583,Stacy Mejia,21
584,Leslie Anderson,21
586,Jose Rodriguez,24
587,Joseph Ellison,20
588,Stephanie Taylor,24
589,Barbara Brooks,20
590,Amanda Davis,23
591,Anthony Meyer,18
592,Joshua Ramirez,20
594,Scott Miller,22
595,Christine Ward MD,19
596,Christopher Fisher,25
597,Christy Miller DDS,21
598,Justin Blake,24
599,Kyle Stevens,24
600,Sandra Smith MD,20
601,Brittany Long,20
603,Jaclyn Gomez,22
604,Kenneth Miller,24
605,Christina Dean,20
606,John Leblanc,25
609,Danielle Cameron,25
611,Christine Chapman,18
612,Victoria Mendoza,23
614,Karen Bates,25
615,Robin Maddox,18
616,Susan Kelley,25
617,Rebecca Hays,18
618,Joshua Dawson,25
619,Carolyn Lambert,24
620,Jason King,19
621,Tyler Brady,25
622,Carla Keller,19
623,James Schultz,18
625,Tara Barton,18
626,Matthew Brown,25
627,Victor Patterson,20
628,Jamie Davis,24
629,Elizabeth Wheeler,18
630,Tracy Martinez,19
631,Donald Barry,20
632,Carmen Farrell,23
633,Edward Jensen,21
634,Brian Robinson,18
635,Katie Griffith,24
636,Alex Rivera,21
637,Michael Martinez,22
639,Sierra Robinson,23
640,April Wilson,19
641,Andrew Parker,24
643,Mr. Nathan Richardson,18
644,Phillip Fisher,24
645,Jenna Ramos,20
646,William Martin,22
647,Aaron Parrish,22
649,Paul Oliver,24
650,Kathy Martin,24
651,Jill Harris,23
653,Lisa Glenn,19
654,Mark Frazier,23
655,Michael Mays,22
657,Dana Gardner,21
658,Richard Duran,25
659,Kenneth Harris,25
661,Kristy Hester,20
662,Mr. Jose Frank PhD,23
664,Benjamin Esparza,25
665,Jessica Sutton,25
666,Nicholas Farrell,24
669,Lisa Jackson,24
670,Larry Floyd,21
672,Justin Wise,18
675,Mary Watson,24
676,Scott Jackson,20
677,Curtis Carlson,19
678,Brian Durham,23
679,Justin Ferguson,22
680,Kelsey Burgess,24
686,Jamie Barr,20
687,Nathan Mullins,20
688,Lisa Powers,22
689,Kristen Crawford,22
690,Elizabeth Walker,22
691,Carrie Cisneros,18
693,William Crane,23
694,Larry Bell,20
695,Cory Anderson,18
696,Erin Gomez,25
697,Jessica Baker,18
698,Andrew Hooper,21
699,Thomas Rose,22
700,Derrick Hines,20
701,Ms. Julia Berry,23
702,Trevor Cunningham,22
703,Natasha Miranda,25
704,Brian Rodriguez,22
705,Craig Whitehead,23
706,Tammy Smith,22
707,Heather Alvarez,24
708,Wendy Summers,22
709,Angela Smith,23
710,Edwin Reyes,18
711,Lisa May,22
712,Victor Barrera,25
713,Peter Scott,25
714,Shannon Guzman,25
715,Megan Patel,21
716,Christopher Brooks,24
717,Elizabeth Hernandez,21
718,Adam Palmer,19
719,Danielle Yang,18
720,Elizabeth Galvan,23
721,Brandon Edwards,25
722,Allison Taylor,21
723,Robert Smith,19
724,Mary Arnold,23
725,Samuel Hayes,22
726,Billy Garner,20
727,Elizabeth Smith,20
728,Jason Floyd,22
729,Jack White,21
730,Justin Robles,24
731,Barbara Herrera,22
732,Krystal Stewart,19
733,Victoria Cervantes DVM,19
734,Raven Bennett,20
735,Michelle Wright,22
736,Sylvia Griffith,24
737,Erin Burke,21
738,Sylvia Mcguire,23
739,Damon Adams,21
740,Patty Stephens,24
741,Antonio Webb,24
742,Christine Harris,24
743,Lindsay Lyons,25
744,Ashley Jackson,22
745,Kiara Hoffman,21
746,Kimberly Jones,25
747,Drew Ortiz,20
748,Kelly Jones,22
749,Christine Walker,22
750,Travis Landry,22
751,Michael Eaton,21
752,Jerry Arnold,25
753,Suzanne Sullivan,20
754,Justin Johnson,19
755,Jodi Giles,24
756,Maria Gardner,19
757,Shannon Vega,23
758,Thomas Mason,25
759,Denise Green,22
760,Deborah Johnson,20
761,Bruce Mays,19
762,Suzanne Rodriguez,19
763,Herbert Frederick,22
764,Justin Sanchez,19
765,Brenda Ferguson,18
766,Marcus Vaughn,21
767,Ashley Ramirez,24
768,Willie Orr,25
769,Cheryl Martin,22
770,Eric Chen,23
771,Joseph Fox,19
772,Zachary Foster,20
773,Sarah Gardner,19
774,Amber Williams,21
776,Sheri Ellison,18
777,Chelsea Rocha,23
778,Dylan Hudson,21
779,Susan Simpson,18
780,Robin White,22
781,Alyssa Brooks,24
782,Patricia Garcia,19
783,Charles Obrien,25
784,Samantha Bell,18
785,Laura Mclaughlin,18
786,Stephanie Ford,21
787,Ricky Mitchell,20
788,Michael Mccoy,25
789,Mr. Michael Olson,23
790,Grace Bowman,23
791,Amanda Pearson,20
792,Elizabeth Johnson,20
793,Chad Woodward,24
794,Ricky Hansen,19
795,Heather Wilkins,25
796,Kenneth Horn,20
797,Donald Moore,19
798,Leslie Garcia,24
799,Jennifer Nunez,21
800,Bethany Castro,20
802,Dillon Frey,25
803,Sophia Porter,24
804,Anthony Holden,25
805,Molly Hall,24
806,Richard Hernandez,19
807,Christine Vang,20
808,Richard Kelly,25
809,Michael Henry,18
810,Beth Juarez,25
811,Samuel Bush,24
812,Jonathan Smith,19
813,Natalie Martin,22
814,Jenna Jenkins,23
815,Jennifer Wilson MD,21
816,Victoria Mclaughlin,20
817,Todd Green,20
818,Richard Williams,21
819,Rebecca Williams,22
820,Rodney Erickson,21
821,Lydia Ware,20
822,Howard Sanders,25
823,Michael Harris,19
824,Meghan Williams,22
825,Daniel Jenkins,18
826,Bernard Ross,24
827,Denise Mcclain,23
828,Edgar Baker,25
829,Christopher Barnes,19
830,Nicole Dixon,21
831,Shelley Jones,22
834,Katie Williams,22
835,Daniel Shea,20
836,Lisa Harvey,21
837,Michelle Bennett,25
838,Eric Schroeder,24
840,Brian Carr,21
842,Tiffany Ortega,22
844,Emily Gomez,24
845,Daniel Martin,25
847,Sherry Ward,22
852,Aaron Myers,22
856,Richard Fletcher,24
857,Drew Shepherd,24
858,David Osborn,22
859,Joseph Austin,19
860,Ricky Olsen,22
861,Sarah Davis,18
862,Charlotte Roberts,21
863,Jason Valentine,20
864,Patrick Mejia,22
865,Melissa Bradford,24
866,Brandon Harris,24
867,Angela Mason,24
869,Jeffrey Powers,24
870,John Vaughan,23
871,Dominique Ramos,18
872,Danielle Williamson,20
873,Kevin Harrell MD,21
874,Amber Hines,18
876,Sherry Davis,18
877,Mr. Bryan Morton III,25
878,Sara Smith,25
879,Mary Romero,20
881,Mr. Lee Yang,24
882,Jennifer Allen,25
884,Mrs. Gail Morris,21
885,Erin Jordan,22
886,Justin Miller,24
888,Mrs. Stephanie Johnson DVM,18
896,Angela Conley,18
897,Brian Wright DDS,25
898,Tracy Brown,18
899,Julie Walsh,24
900,Keith Johnson,22
901,Kimberly Adams,19
902,Jason Miller,22
903,Stephen Howell,21
904,Anthony Eaton,20
905,Kim Reilly,25
906,Marcus Friedman,18
907,Angela Alvarado,25
908,Gary Smith,19
909,Michael Miller,18
910,Samantha Pacheco,23
912,Terry Smith,19
913,William Castro,19
914,Joan Warner,24
915,Linda Robertson,21
916,Michael Mcintyre,21
917,Sonya Rodriguez,24
919,Robert Mendoza,23
920,Alexis Taylor,25
921,Nicholas Santiago,23
922,Tyler Juarez,22
923,David Armstrong,25
924,Dr. Erin Clements,22
925,Melissa Morales,25
926,Fred Hughes,24
927,Kenneth Vega,25
928,Erin Murray,18
929,Christopher Edwards,22
930,Christina Maldonado,22
931,Christopher James,25
932,Pamela Mason,21
933,Eric Jones,18
934,Michelle Ferguson,21
935,Joshua Johnson,19
936,Matthew Rasmussen,18
937,Kristin Bonilla,24
938,Lisa Mitchell,25
939,John Middleton,23
940,Kenneth Williams,23
941,Pamela Flores,20
942,Wendy Hood,21
943,Kevin Roberts,19
944,Kelly Werner,19
945,Jennifer Mann,24
946,Roger Wright,19
947,Michelle Flynn,19
948,Caleb Abbott,20
949,Alexandra Noble,24
950,Nicole Townsend,25
951,William Hoover,23
952,Albert Tucker,24
953,Susan Love,25
954,Michael Acevedo,25
955,Matthew Fernandez,20
956,Ryan Santos,23
957,Debra Doyle,18
958,Molly Smith,25
959,Chelsea Wilson,23
960,Kevin Crawford,20
961,Daryl Hill,22
962,Samantha Davenport,20
963,Natalie Smith,22
964,Sherry Byrd,25
965,Bill Lindsey,22
966,Paul Taylor,18
967,Donna Espinoza,21
968,Ashley Cantu,22
969,Jamie Ingram,20
970,Michael Brooks,25
971,Louis Dunlap,18
972,Debra White,21
973,Jacob Barnes,22
974,Bruce Rice,19
975,Angela Phillips,19
976,Marco Rios,20
977,Daniel Collins,18
978,Dylan Good,21
979,Rebecca Richardson,20
980,Ryan Thomas,21
981,Laura Washington,24
982,Ronald Mullins,21
983,Earl Hale,21
984,Melissa Hahn,22
985,Matthew Matthews,23
986,Brenda Harris,24
987,Dale Harris,24
988,Daniel Burke,20
989,Kevin Smith,20
990,Adam Jones,24
991,Stephanie Rivera,23
992,Leslie Tucker,22
993,Jason Underwood,23
994,Patricia Morris,22
995,Kyle Brown,24
996,Jeremiah Collins,18
997,Anne Clark,23
998,Deanna Maldonado,24
999,Christopher Wilkins,23
1000,Jessica Lang,23
1001,Rebecca Gross,21
1002,Kimberly Mills,20
1003,Mrs. Kristin Jenkins MD,23
1004,Monica Davis,21
1005,Walter Schroeder,18
1006,Anthony Conner,23
1007,David Smith,19
1008,Joseph Cohen,21
1009,Kristen Smith,22
1010,Thomas Cline,23
1011,Jasmine Martin,21
1012,Casey Bailey,18
1013,Sharon Hammond,22
1014,Erin Freeman,22
1015,William Schwartz,25
1016,Melissa Burch,21
1017,Michael Jenkins,25
1018,Dillon Lee,23
1019,Emma Morrison,23
1020,Lori Franco,21
1021,Amanda Griffin,24
1022,Madeline Brady,20
1023,Melissa Lee,23
1024,Tiffany Valdez,21
1025,Richard Collins,21
1026,Annette Mendoza,19
1027,Victor Clark,21
1028,Justin Kennedy,19
1029,Chris Rivera,18
1030,Joshua Mcdowell,18
1031,Crystal Lee,19
1032,Kenneth Butler,23
1033,Megan Lane,20
1034,Evan Brown,19
1035,Carlos White,20
1036,Timothy Johnson,24
1037,Jessica Kaiser,18
1038,Jacob French,23
1039,James Harris,23
1040,Catherine Bryant,20
1041,Joyce Sandoval,20
1042,Gloria Carey,25
1043,Amy White,23
1044,Alison Bradford,18
1045,Jennifer Dyer,18
1046,Dr. Jennifer Porter MD,18
1047,Bryan Andrews,23
1048,Heather Cannon,24
1049,Jeremy Lewis,19
1050,Jeffrey Gonzales,20
1051,Derrick Edwards,21
1052,Dominic Jones,18
1053,Eric Jennings,25
1054,Jacqueline Gray,21
1055,Michael Smith,18
1056,Anita Smith,20
1057,Ashley Hansen,22
1058,Daniel Martin,25
1059,Michelle James,19
1060,Vanessa Jenkins,24
1061,Janet Hall,25
1062,Kimberly Johnson,18
1063,Leslie Mills,18
1064,Nathan Love,23
1065,Preston Hill,19
1066,Kevin Mann,20
1067,Ronald Blackwell,20
1068,Derrick Hall,23
1069,Megan Carter,22
1070,Gerald Rangel,19
1071,Elizabeth Sherman,25
1072,Stephanie Pope,20
1073,Michele Vaughn,20
1074,Shari Turner,20
1075,Philip Ramirez,22
1076,Timothy Hopkins,22
1077,James Clark,23
1078,Christopher Green,23
1079,Marissa Graham,25
1080,Daisy Vincent,21
1081,Cassandra Stewart,19
1082,Scott Lopez,22
1083,Andrea Cook,20
1084,Katherine Nguyen,24
1085,Justin Barrett PhD,20
1086,Sharon Miller,22
1087,Cynthia Ramirez,21
1088,Tara Bray,21
1089,Molly Moss,22
1090,Eric Jacobs,21
1091,Nathan Mcbride,20
1092,Belinda Williams,20
1093,Jesse Oneal,25
1094,Eileen Avery,23
1095,Christopher Cox,20
1097,Joseph Melton Jr.,25
1098,James Campbell,20
1099,Sean Martin,22
1100,Barbara Jones MD,19
1101,Elizabeth Douglas,24
1102,Kelly Stein,19
1103,Heather Gordon,19
1104,Derek Baldwin,25
1105,Jim Moore,24
1106,Amy Rivera,25
1107,Kimberly Marshall MD,22
1108,Amber Oliver,22
1109,Patricia Sandoval,23
1110,Daniel Gallegos,25
1111,Alejandra Diaz,22
1112,Seth Bradley,18
1113,Duane Mitchell,22
1114,James Farmer,18
1115,Jeremy Jimenez,25
1116,Corey Murphy,19
1117,Nicholas Prince,25
1118,Michael Vasquez,21
1120,Katrina Lopez,21
1121,Sharon Macdonald,19
1122,Mary Rogers,23
1123,Randall Mills,21
1124,Mr. Jorge Frazier DDS,25
1125,William Roberts,20
1126,Melissa Perez,21
1127,Nicole Johnston,25
1128,Frank Williams,22
1129,David Riley,18
1130,Jeff Hensley,19
1131,Jennifer Lucas,21
1132,Alexandra Hughes,21
1133,Robert Hernandez,22
1134,Mark Green,18
1135,Lee Houston,21
1136,Robert Hall,22
1137,Stacy Powell,22
1138,Rachel Schmidt,22
1139,Jon Lawrence,23
1140,Tiffany Mccormick,22
1141,Anita Farley,21
1142,Randy Allen,22
1143,James Berry,21
1144,Angelica Smith,20
1146,Barbara Diaz,25
1147,Nancy King,19
1148,Kristen Stevenson,24
1149,Christine Mckinney,22
1150,Jennifer Jordan,25
1151,Melissa Hunt,18
1152,Anthony Daniels,22
1153,Dwayne Carson,20
1154,Mr. Charles Burns,20
1155,Elizabeth Sawyer DDS,25
1156,Rebecca Collins,25
1157,Joshua Beck,19
1158,Thomas Parks,24
1159,David Scott,19
1160,Kimberly Simmons,20
1161,Alex Warren,18
1162,Aaron Burgess,23
1163,Madison Grant,21
1164,Brian Smith,24
1165,Jordan Martin,21
1166,Julia Townsend,24
1167,Shirley Spears,19
1168,Sandra Morgan,25
1169,Michelle Fernandez,18
1170,Shelly Hester,21
1171,Catherine Stewart,24
1172,Kyle Powell,25
1173,Jessica Williams,22
1174,Cynthia Mcmahon,18
1175,Leslie Brown,23
1176,Michael Jenkins,25
1177,Tammy Bell,24
1178,Meghan Hunter,23
1179,Margaret Taylor,20
1180,William Gutierrez,24
1181,Katherine Heath,23
1182,Heidi Rosales,22
1183,Dawn Stanley,25
1184,Christopher Brown,22
1185,Andrew Cruz,23
1186,Jerry Morris,21
1187,Andrew Owen,20
1188,Christina Escobar,22
1189,Patrick Moore,25
1190,Amanda Vasquez,23
1191,Margaret Barton,22
1192,Isaiah Allen,21
1193,Michael Li,23
1194,Colin Brown,18
1195,Parker Moran,24
1196,Alyssa Vasquez,24
1197,Matthew Krause,19
1198,Paul Torres,20
1199,David Cline,18
1200,John Adkins,18
1201,Preston Lee,21
1202,Chad Adams,22
1203,Jacob Navarro,19
1204,Christopher Villanueva,18
1205,Renee Edwards,19
1207,Mrs. Jennifer Chen,23
1209,Danny Wells,20
1210,Jessica Owens,20
1211,Dustin Bailey,18
1212,Gregory Smith,22
1213,Ian Hudson,23
1214,Norman Malone,24
1215,Matthew Hopkins,21
1216,James Taylor,19
1217,Brenda Brown,22
1218,Kenneth Williams,23
1219,Jose Dorsey,24
1220,Stacey Rice,21
1221,Crystal Cole,23
1222,Billy Cortez,22
1223,Kimberly Jackson,24
1225,Benjamin West,18
1226,Alicia Livingston,22
1227,Mr. Larry Cuevas MD,23
1228,Ian Wilkins DDS,25
1229,James Hill,23
1230,Justin Mcneil,18
1231,Garrett Robinson,24
1232,Sarah Pierce,18
1234,Kimberly Pineda,19
1235,Patricia Brown,23
1236,David Ponce,21
1237,Corey Peters,25
1238,Jordan Lucas,21
1239,Charles Patel,25
1240,Michael Stone,18
1241,Patricia Smith,18
1242,Maurice Patterson,22
1243,Jeffrey Washington,22
1244,Martin Pacheco,22
1245,Lindsey Smith,23
1246,John Peterson,24
1247,Mary Mitchell,23
1248,Tracy Haney,22
1249,Dylan Marshall,22
1250,Phillip Harvey,20
1251,Tanya Velez,19
1252,Lori York,22
1254,Dr. Joseph Wilson,24
1255,Mary Lee,21
1256,Danielle Perez,20
1257,Amanda Cook,20
1258,Kathleen Smith,22
1259,Janet Green,22
1260,Michael Bartlett,19
1261,Jason Morgan,25
1262,Kevin Baker,23
1263,Gregory Cruz,24
1264,Brent Goodman,25
1265,Jane Hoffman,21
1266,Alec Williams,24
1267,Kirsten Mcgrath,18
1268,Parker Burns,24
1269,Bryan Orozco,25
1270,Francisco Ramirez,19
1271,Jacob Oneal,24
1272,Richard Sawyer,22
1273,Teresa Fitzgerald,19
1274,Edward Taylor,18
1275,Shannon Cardenas,21
1276,Erika Schwartz,21
1277,Brian Wells,23
1278,Brittney Turner,25
1279,Dennis Bailey,23
1280,Heather Brown,18
1281,Phillip Davis,22
1282,Julie Clark,24
1283,Kathleen Moreno,24
1284,Rachel Montgomery,25
1285,Amy Cortez,18
1286,Kimberly Fowler,22
1287,Tammy Stevenson,21
1288,Elizabeth Berry,20
1289,Nathan Bray,19
1290,Maria Mckenzie,18
1291,Dustin Zhang,23
1292,Katherine Bass,23
1293,Kelly Burgess,22
1294,Kevin Mcknight,20
1295,Stephanie Pacheco,19
1296,Kristina Carpenter,20
1297,Shane Massey,19
1298,Evan Lee,19
1299,Miranda Burns,20
1300,Christine Martinez,18
1301,Teresa Simpson,23
1302,Mr. William Reed PhD,22
1303,Samuel Adams,24
1304,Claudia James,23
1305,Carla Williams,19
1306,Ricardo Moore,25
1307,Walter Thomas,22
1308,Desiree Sanford,20
1309,Gabriela Smith,21
1310,Richard Thomas DVM,24
1311,Justin Proctor,25
1312,Andrew Cortez,23
1313,James Soto,23
1314,Alexander Olson,20
1315,Christina Martin,24
1316,Kenneth Johnson,18
1317,James White,18
1318,Frank Madden,23
1319,Brett Brown,19
1320,Alexander James,25
1321,Derek Harris,20
1322,Mark Booker,22
1323,Julie Murphy,22
1324,Darren Rice,23
1325,Shawn Eaton Jr.,22
1327,Brad Garcia,24
1328,James Ramos,20
1329,Brianna Stokes,22
1330,Brett Buchanan,22
1331,Michael Diaz,20
1332,Mrs. Katherine Deleon,19
1333,Adrian Rose,24
1334,Jeremy Lawson,18
1335,Brian Mendoza,23
1336,Kara White,24
1337,David Fields,24
1338,Jessica Davis,24
1339,Alexis Chen,19
1340,Dennis Perkins,21
1341,Angela Perez,19
1342,Nicholas Davenport,20
1343,Kenneth Jimenez,21
1344,Laura Kim,25
1345,Juan Turner,21
1346,Christopher Huff,19
1347,Keith Alvarez,19
1348,Carolyn Fuentes,23
1349,David Carpenter,20
1350,Michael Smith,23
1351,Samantha Rios,20
1352,Christy Romero,24
1353,Christopher Carpenter,18
1354,Sharon Briggs,22
1355,Shaun Lynch,22
1356,Danielle Obrien,19
1357,Kristina Maldonado,24
1358,Shelly Jones,25
1359,William Miller,24
1360,Philip Burke,21
1361,Zachary Lopez,23
1362,Kim Taylor,21
1363,Cynthia Warner,23
1364,Lisa Snyder,24
1365,Faith Perry,18
1366,Brian Browning,19
1367,Jared Hoffman,22
1368,Haley Bass,24
1369,Angela Mejia,20
1370,Nicole Benjamin,25
1371,Glen Hart,22
1372,William Key,21
1373,Mr. Justin Russell,20
1374,Suzanne Walker,23
1375,Gregory Thompson,21
1376,John Jones,18
1377,Amanda Allen,23
1378,Brandon Navarro,19
1379,Wendy Gardner,19
1380,Steven Merritt,24
1381,Vanessa Monroe,19
1382,Mary Brooks,20
1383,Steven Flores,20
1384,Paul Lopez,23
1385,Richard Johnson,24
1387,Jennifer Vega,19
1388,Lauren Lucas,19
1389,Tracy Hill,22
1390,Thomas Arnold,22
1391,Jennifer Griffin,23
1392,Alexander Mckee,25
1393,Timothy Johnson,20
1395,Mrs. Heather Dawson,18
1396,Jessica Hernandez,23
1397,Elizabeth Torres MD,23
1398,Joshua Huang,22
1399,Joseph Ware,25
1400,John Wheeler,25
1401,Miguel Schwartz,20
1402,Andrea Ray,24
1403,Raymond Smith,20
1404,Mrs. Holly Davis,21
1405,Daniel Anderson,24
1406,Paul Mann,24
1407,Michael Kennedy,18
1408,Cathy Nguyen,20
1409,Manuel Nichols,20
1410,Ryan Christian,18
1411,Travis Joseph,22
1412,Corey Russell MD,20
1413,Zachary Reyes,19
1414,Kimberly Lopez,22
1415,Ashley Holland,24
1416,Kathryn Roberts,18
1417,Ashley Brooks,25
1418,Collin House,23
1419,Crystal Snow,25
1420,Kevin White,25
1421,Gloria Moore,23
1422,Albert Jenkins,18
1423,Michelle Villegas,25
1424,Tamara Snyder,23
1425,Lauren Smith,23
1426,Ralph Smith,20
1427,Wesley Garcia,21
1428,Nancy Church,19
1429,Richard Hamilton,19
1430,Daniel Booker,23
1431,Brianna Jones,23
1432,Mary Strong,21
1433,Traci Luna,25
1434,Frederick Yang,20
1435,Micheal Martinez,25
1436,Nancy Johnson,18
1437,Rebecca Fuller,24
1438,Jonathan Lee,23
1439,Caleb Burns,24
1440,Chad Wilson,25
1441,Brent Walker,18
1442,Carlos Hanson,20
1443,Jeffrey Hatfield,22
1444,James Conrad,24
1445,Victoria Houston,22
1446,Joel Nelson,19
1447,Jonathan Young,21
1448,Monique Boyer,18
1449,Derek Stewart,24
1450,Cheryl Johns,23
1451,Colin Lewis,19
1452,William Lewis,22
1453,Kyle Wilson,24
1454,Maria Murphy DVM,18
1455,Michael Montgomery,25
1456,Adam Estrada,24
1457,Devin Pugh,21
1458,Anthony Stevenson,19
1459,Jennifer Rose,23
1460,John Butler,21
1461,Autumn Bishop,22
1462,Christopher Wilson,25
1463,Jenny Moreno,21
1464,Sarah Morse,24
1465,William Chan,24
1467,Vincent Eaton,23
1468,Rachel Osborne,19
1469,Mackenzie Wiggins,21
1470,John Carter,24
1471,Stefanie Anderson,25
1472,Morgan Walsh,21
1473,Austin James,18
1474,Bradley Jones,20
1475,Kathleen Henry,22
1476,Sheila Haynes,18
1477,Rodney Cook,23
1478,Katherine Rivera,25
1479,Ernest Schroeder,19
1480,Sara Terry,18
1481,Judith Snyder,20
1482,Andrew Warren,22
1483,Michelle Thompson,18
1484,Sherry Cortez,19
1485,Jean Murphy DDS,19
1487,Natalie Morgan,21
1488,Joshua Dominguez,19
1489,Joseph Brown,18
1490,Jose Myers,18
1491,Nicole Myers,18
1492,Curtis Grimes,23
1493,Sergio Wilkins,21
1494,Aaron Noble,22
1495,Emily Johnson,20
1496,Ethan Nelson,20
1497,Veronica Sandoval,20
1498,Tracey Brown,23
1499,Holly Chavez,22
1500,Alexis Oneal,20
1501,Nicholas Jackson,18
1502,Hunter Smith,25
1503,Patricia Donovan,23
1504,Patrick Hebert,21
1505,Molly Odom,25
1506,Christopher Smith,22
1507,Troy Hayden,22
1508,Ronald Ford,19
1509,Justin Richardson,25
1510,Leslie Kemp,25
1511,Deborah Burnett MD,21
1512,Jeffrey King Jr.,21
1513,Kurt Estrada,24
1514,David Lee PhD,19
1515,Mr. Clayton Miles MD,25
1516,Margaret Montgomery,19
1517,Sarah Hill,24
1518,Charles Singh,23
1519,Emily Gonzalez,19
1520,Catherine Tyler,21
1521,Linda Williams,22
1522,Meghan Day,22
1523,Jonathan Wilson,20
1524,John Huff,25
1525,Matthew Mccormick,19
1526,Daniel Brown,18
1527,David Anderson,19
1528,Bryan King,23
1529,Joseph Potter,22
1530,Ryan Thompson,21
1531,Sarah Rice,18
1532,Gloria Buckley,19
1533,Mark Flowers,23
1534,Brian Wilson,23
1535,Katherine Herrera,20
1536,Alvin James,19
1537,Jennifer Little,22
1538,Timothy Knox,24
1539,Dylan Hubbard,25
1540,Gabriel Alexander,23
1541,Danny Ross,25
1542,Natalie Brown,22
1543,Anthony Cruz,24
1544,Mr. Michael Davis,21
1545,Christopher Brown,21
1546,Patricia Smith,18
1547,George Richardson,18
1548,John Smith,22
1549,Holly Williams,22
1550,Alexa Ramirez,20
1551,Melody Rogers,23
1552,Aimee French,20
1553,Brian Casey,18
1554,Anthony Brewer,23
1555,Dawn Gardner,20
1556,Leslie Greene,18
1557,Paula Nelson,23
1558,Robert Logan,24
1559,Jared Simon,22
1561,Tiffany Juarez,18
1562,Karen Thomas DVM,20
1563,Angelica Blake MD,25
1564,Darin Harvey,19
1565,Joseph Hughes,23
1566,Zachary Hess,23
1567,Larry Hughes,20
1568,Annette Aguilar,21
1569,Rebecca Bullock,24
1570,Gregory Steele,21
1571,David Montoya,24
1572,Cody Fox,24
1573,Brandon Hobbs,21
1574,Michael Anderson,19
1575,Joshua Patterson,19
1576,Ronald Reyes,25
1577,Angela Morgan,24
1578,Nancy Lewis,25
1580,Michael Hale,25
1582,Margaret Harris,18
1583,Aaron Alvarez,20
1584,Stephen Miller,22
1585,Thomas Smith,21
1587,Kevin Collins,20
1588,Brittney Garcia,18
1589,Austin Hughes,25
1590,Ivan Orozco,18
1591,Krystal Bowen,23
1592,Rachel Rodriguez,22
1593,Laura Wu,24
1594,Sherry Saunders,23
1595,Kevin Sanchez Jr.,20
1596,Jennifer Savage,18
1597,Denise Garcia,20
1598,Matthew Hernandez,23
1599,James Powers,23
1600,Michael Adams,23
1601,Justin Carrillo,18
1602,Alyssa Rogers,19
1603,Kenneth Ibarra,22
1604,Jeff Bradford,19
1605,Christine Alexander,19
1606,Jeffrey Carney MD,21
1607,Amanda Morris,24
1608,Dylan Clark,20
1609,Rebecca Wright,18
1610,Dawn Flores,18
1611,Leah Branch,20
1612,Jacqueline Jennings DVM,25
1613,Kenneth Rodriguez,21
1614,Mary Roy,21
1615,Anthony Alvarado,25
1616,Tracy Johnson,24
1617,Richard Diaz,21
1618,Charles Sanders,21
1619,Julia Townsend,24
1620,Tina Bryant,20
1621,Craig Murphy,22
1622,Melissa Suarez,24
1623,Jose Hill,18
1624,Tiffany Clarke,21
1625,Paige Walker,24
1626,Diane Martin,20
1627,Brian Gordon,22
1628,Dustin Osborne,25
1629,Kelly Curtis,21
1630,Dawn Hahn,21
1631,Jacqueline Lambert,22
1632,Zachary Young,18
1633,Jake Camacho,19
1634,Jamie Melton,20
1635,Stephanie Stanley,23
1636,Kevin Meadows,23
1637,Grace Frank,23
1638,Rodney Willis,24
1639,Shaun Haynes Jr.,25
1640,Ruben Kim,18
1641,Michael Moore,21
1642,Chad Hamilton,22
1643,Elizabeth Lane,20
1644,Sandra Deleon,21
1645,Emily Gonzalez,20
1646,Gilbert Gay,23
1647,Melissa Foley MD,23
1648,Steven Callahan,23
1649,Steven Mayer,18
1650,Heather Diaz,22
1651,Andrew Bishop,19
1652,Steve Figueroa,20
1653,Donna Mcclain,23
1654,Paul Juarez,21
1655,Melinda Lee,20
1656,James Lara,18
1657,Michael Soto,18
1658,Joseph Greene,23
1659,John Whitaker,20
1660,Wendy Hall,21
1661,Eduardo Lawson,21
1662,Donald White,25
1663,Tony Wolfe,25
1664,Timothy Smith,25
1665,Joshua Bailey,18
1666,Scott Tran,18
1667,Donald White,25
1668,Robert Murphy,21
1669,Melissa Parker,19
1670,Diana Moore,21
1671,Ronald Valencia,21
1672,Maria Galloway,20
1673,Elijah Lewis,20
1674,Victoria Avila,21
1675,Deanna Swanson,24
1676,Ashley Becker,23
1677,Carl Sanchez,18
1678,Barbara Thompson,19
1679,Carla Jones,19
1680,Cory Wise,23
1681,Joseph Novak,25
1682,Teresa Hale,24
1683,Tamara Reyes,24
1684,Rose Taylor,20
1685,John Pope,23
1686,Lisa Brown,24
1687,Vicki Johns,18
1688,Kathleen Church PhD,21
1689,Mrs. Debra Wilson,23
1691,Carla Burgess,22
1692,James Berry,21
1693,Donald Edwards DVM,24
1694,Dale Peterson,23
1695,Laura Bailey,23
1696,Cameron Parks,22
1697,Sara Harrington,22
1698,Ryan Small,19
1699,David Wright,23
1700,Allison Hill,22
1701,Sarah Wang,25
1702,Kristi Young,22
1703,David Lawrence,23
1704,Zachary Austin,18
1705,Ralph Morales,21
1706,Katie Morales,21
1707,Theresa Castillo,20
1709,Ryan Mack,19
1710,Benjamin Austin,20
1712,George Leonard,22
1714,Arthur Gilbert,22
1715,Jamie Walker,22
1716,Gerald Wallace,18
1717,Steve Hughes,24
1718,Mark Davis,22
1719,Stephanie Robertson,24
1720,Richard Garrett,23
1721,Joshua Gates,24
1722,Jimmy Ponce,22
1723,Christopher Ferguson,24
1724,Mary James,20
1725,Kristen Hickman,21
1726,Paul Gallagher,19
1727,Christina Brown,22
1728,Joshua Schmidt,22
1729,Sarah Diaz,19
1730,Kelly Foster,24
1731,Amanda Kane,25
1732,John Bishop,24
1733,Ashley David,18
1734,Nicole Jones,22
1735,Jessica Martinez,20
1736,Misty Monroe,19
1737,Darryl Garcia,19
1738,Carolyn Sanders,18
1739,Mark Davis,23
1740,Terrance Olsen,19
1741,Scott Fowler,20
1742,Mrs. Erin Martinez PhD,21
1743,Eric Crawford,24
1744,Debbie Stephens,22
1745,Jillian Knight,24
1746,Rachel Nelson,21
1747,Megan Kaufman,21
1748,Sarah Palmer,20
1749,Samantha Silva,18
1750,Beth Brown,23
1751,Gloria Ramirez,19
1752,Matthew Wolfe,24
1753,James Gross,22
1754,Daniel Baker,25
1756,Dylan Braun,24
1757,Shawn Obrien,24
1758,Ashley Love,24
1759,Morgan Rodriguez,22
1761,Joshua Fowler,25
1763,Jonathan Hutchinson,19
1765,Patricia Obrien,18
1766,Andrew Romero,22
1767,Mark Klein,24
1768,Elizabeth Fowler,20
1769,Jaime Perry,18
1770,Ryan Wang,19
1771,Andre Tyler,21
1772,Jessica Savage,24
1773,Michael Garcia,23
1774,David Schmidt,24
1775,Tara Griffith,23
1776,Rita Nelson,21
1778,Benjamin Williams,25
1779,Lindsey Hamilton,22
1780,Carolyn Sexton,20
1781,Mark Mayer,23
1782,Rebecca Hansen,25
1783,Robyn Newman,18
1784,Rose Savage,24
1785,Cynthia Davis,23
1786,Clarence Lewis,24
1787,George Haas,20
1789,Aaron Macias,24
1790,Connie Hernandez,22
1791,Wanda Miller,25
1792,Bethany Russell,22
1793,Jeffrey Farley,20
1794,Robert Cook,20
1795,Laura Lloyd,20
1796,Richard Martin,18
1797,Maria Holt,23
1798,Matthew Mccoy,21
1799,Sara Lopez,24
1800,Melissa Sellers,20
1801,Scott Mcconnell,24
1802,Dorothy Moore,19
1803,Emily Grant,20
1804,Brittany Yoder,22
1805,Keith Murphy,22
1806,Toni Lane,22
1807,Erica Terry,19
1809,Cynthia Price,21
1810,Tracey Taylor,23
1811,Tyler Humphrey,21
1812,Christopher Davies,18
1813,Marissa Smith,18
1815,Molly Jackson,20
1816,Wayne Reynolds,21
1817,Nicole Hawkins,23
1818,Brittany Green,19
1819,Rebecca Richard,22
1820,Nicholas Cunningham,23
1821,Adam Ruiz,18
1822,Christina Freeman,19
1823,Jennifer Wright,19
1824,Aaron Garrett,23
1826,Lucas Valdez,22
1827,Larry Carpenter,22
1828,Elizabeth Rivera,24
1829,Terry Anderson,25
1831,Jacqueline Griffith,19
1832,Austin Good,20
1833,Luis Fernandez,19
1835,Kayla Tyler,25
1836,Christopher Wiggins,20
1837,Beth Andrews,25
1839,Eric Gallegos,19
1841,Jennifer Powell,20
1842,Cody Flores,22
1843,Michael Haynes,25
1844,Laurie Zuniga,18
1845,James Simmons,18
1846,Sierra Smith,18
1847,Allen Hodge,20
1848,Nicholas Johnson,22
1849,Emily Scott,21
1850,Mandy Miles,24
1852,Sarah Schneider,19
1857,Joseph Key,25
1858,Kelly Smith,23
1859,Lisa Ramos,21
1860,Kevin Hopkins,18
1861,Rodney Boyle,22
1862,Brandon Collins,19
1863,Jonathan Aguilar,25
1864,Laura Delgado,20
1865,Melanie Terry,23
1867,Larry Steele,20
1868,Tyler Carter,21
1869,Nathan Martinez,24
1870,Cheryl Taylor,25
1871,Stephanie Paul,23
1872,Rachel Yoder,21
1873,Robert Carroll,24
1874,Joel Davis,25
1876,Jennifer Clark,20
1877,James Zimmerman,19
1878,Becky Davidson DDS,19
1879,Roger Smith,20
1880,Beth Wong,23
1881,Ethan Robbins,22
1884,Louis Chambers,23
1885,Stephen Baldwin,23
1886,Cynthia Rocha,23
1887,Shelby Richmond,22
1888,Krista Santos,24
1893,Terrence Andrews,24
1894,Samantha Valdez,23
1897,Timothy Rivas,23
1898,Joshua Martin,19
1899,Hannah Neal,21
1901,Yolanda Ross,20
1902,Aimee Williams,25
1904,Christopher Morgan,25
1909,Terry Freeman,25
1912,Natalie Carter,24
1913,Holly White,25
1914,Tricia Miller,20
1915,Ashley Gallagher,23
1916,Leslie Miller,21
1917,Courtney Lopez,23
1918,Marcus Phillips,20
1919,Kevin Thomas,25
1920,David Rodriguez,21
1921,Rodney Sparks,18
1922,Keith Williams,24
1923,Eric Cummings,18
1924,Dorothy Jimenez,23
1925,Dr. Antonio Henderson Jr.,20
1926,Zachary Crawford,19
1927,Allison Hess,20
1928,Susan Walker,25
1929,Jennifer Martin,24
1930,Samantha Roberson,22
1931,Johnny Sosa,22
1932,Rebecca Gomez,18
1933,Benjamin Nash,22
1934,Emily Cunningham,22
1935,Shelly Maynard,22
1936,Ryan Brown,19
1937,Thomas Krause,25
1938,Ian Floyd,24
1939,Vanessa Myers,20
1940,Michelle Bradshaw,22
1941,Kendra Sweeney,22
1942,Stacy Newman,24
1943,Joseph Lane,24
1944,Mark Wells,24
1945,Kyle Hawkins,25
1946,Thomas Christian,21
1947,Scott Ford,23
1948,Holly Johnson,24
1949,Brian Dixon,19
1950,Martha White,18
1951,Erica Duarte,23
1952,Kendra West,24
1953,Joe Foster Jr.,24
1954,Joseph Johnson,24
1955,Rebecca James,18
1956,Kimberly Hernandez,19
1957,Dr. Sierra Villanueva,18
1958,Jeremy Webster,19
1959,Brandon Williamson,23
1960,Monique Thomas,20
1961,Jay King,22
1962,Carlos Kim,23
1963,Maria Chambers,25
1964,Erica Richards,23
1965,Travis Erickson,21
1966,Justin Mcconnell,25
1968,Ashley Thompson DDS,20
1969,Virginia Mcintyre,23
1970,Ronald White,24
1971,Joshua Garza,20
1972,Christopher Wise,21
1973,Melinda Stone,20
1974,Robert Robertson,18
1975,Lisa Estes,18
1976,Brian Page,24
1977,Adrian Munoz,22
1978,Jamie Lam,23
1979,Ronald Mcmahon,24
1980,Holly Watts,19
1981,Thomas Taylor,25
1982,Thomas Peterson,20
1983,Stephanie Bell,20
1984,Katelyn Kennedy,24
1985,Debbie Wright,18
1986,Charles Abbott,21
1987,Dr. Christopher Matthews,19
1988,Lisa Owens,19
1989,Crystal Jones,25
1990,Jacob Williams,25
1991,Erica Gonzalez,21
1992,Dr. Michael Cabrera MD,23
1993,Angela Russell,24
1994,Austin Woodward,23
1995,Steven Oneal,19
1996,John Crosby,25
1997,Timothy Valencia,22
1998,Ray Harper,18
1999,Laura Huber,19
2000,Holly Morris,25
2001,Carlos Baldwin,20
2002,Jason Kim,19
2003,Samantha Patton,20
2004,Joseph Rivas,24
2005,Dr. Daniel Chavez,25
2006,Brandi Obrien,23
2007,Christopher Gonzalez,19
2008,Tara Burns,18
2009,Paula Peterson,25
2010,John Bernard,25
2011,Jennifer Williams,21
2012,Steven Cowan,22
2013,Joseph Larsen,20
2014,Paul Morales,20
2015,Sarah Barnes,21
2016,Duane Morse,22
2017,David Conway,20
2018,Mr. Adam Doyle Jr.,22
2019,Judith Woods,21
2020,Wendy Reyes,24
2021,Tamara Adkins,21
2022,Katherine Cortez,25
2023,Emily Walsh,19
2024,Vanessa Hicks,22
2025,Anthony Gonzalez,19
2026,Matthew Mora,18
2027,Annette Allen,24
2028,Travis Wong,22
2029,Cynthia Smith,20
2030,Brenda Bennett,21
2031,Richard Shaw,22
2032,Vanessa Diaz,19
2033,Kristin Young,20
2034,Steven Hill,23
2035,Miranda Jackson,19
2036,Patricia Knight,25
2037,Vanessa Nelson,21
2038,Karen Mckenzie,23
2039,Bobby Pierce,24
2040,Edward Beck,24
2041,Shawn Smith,18
2042,Mary Delacruz,18
2043,Ryan Wright,19
2044,Christopher Johnson,23
2045,William Rios,24
2046,Lynn Horton,23
2047,Wesley Brown,24
2048,Ms. Anne Wolf,21
2049,Brandon Paul,23
2050,Joshua Mcintosh,19
2051,Robert Davis,20
2052,Tina Powers,25
2053,Michelle Mcfarland DVM,23
2054,Aaron Knox,20
2055,David Mitchell,24
2056,Susan Garza,20
2057,Justin Wong,24
2058,Ellen Fernandez,23
2059,Sheryl Patel,18
2060,Shelly Gutierrez,21
2061,Jennifer Owens,22
2062,Sara Brown,25
2063,Mathew Baker,18
2064,Steven Martin,19
2065,Travis Webb,25
2066,Suzanne Watson,20
2067,Brandon Snyder,23
2068,Jeffrey Ward,19
2069,Fred Hawkins,21
2070,John Calhoun DDS,21
2071,Tony Johnson,24
2072,Joseph Moore,23
2073,Robert Church,23
2074,Tammy Newton,18
2075,Matthew Castillo,25
2076,Alan Rice,21
2077,Randall Wells,20
2078,Barbara Williams,19
2080,Kari Haley,24
2081,Edward Hicks DDS,23
2082,Jessica Schmitt,25
2083,Jennifer Henderson,20
2084,Robert Smith,20
2085,Melissa Dixon,21
2086,David Mckee,24
2087,Sarah Hughes,21
2088,Kristen Woodard,19
2089,Scott Byrd,21
2090,Ronald Hill,22
2091,Sarah Lewis,20
2092,Jeffrey Martinez,23
2093,Kimberly Wise,20
2094,Tammy Soto,19
2095,Cameron Wheeler,20
2096,Jacob Hall PhD,22
2097,Brandy Gonzalez,18
2098,Heather Hardy,21
2099,Barbara Fowler,24
2100,Mark Simon,22
2101,Jennifer Strong,21
2102,Shawn Miller,18
2103,Karen Holmes,23
2104,Isaiah Cohen,18
2105,Linda Hansen,25
2106,Rose Castillo,25
2107,Richard Cobb Jr.,25
2108,Andrea Wilson,22
2109,Jennifer Bailey,18
2110,Jonathan Cohen,23
2111,Charles Burnett,19
2112,Claudia Davis,21
2113,Christina Dougherty,24
2114,Clinton Foley,18
2115,Maria Taylor,22
2116,Trevor Gonzales,23
2117,Daniel Hobbs,20
2118,Ricky Harris,20
2119,Sandra Welch,23
2120,Benjamin Turner,18
2121,Kelly Dickson,25
2122,Courtney Smith,24
2123,Patrick Haley,21
2124,Rebecca Steele,25
2125,Margaret Bryant,21
2126,Monique Lewis,18
2127,Joe Davis,20
2128,Joseph Lee,25
2129,Amanda Lee,24
2130,Misty Reynolds,19
2131,Pamela Jones,23
2132,Steven Brown,25
2133,Antonio Zimmerman,19
2134,Ryan Howard,20
2135,Richard Coleman,20
2136,Christina Barton,20
2137,Raymond Silva,19
2138,Edward Morris,20
2139,Crystal Johnson,22
2140,Nathaniel Smith,18
2141,Caroline Torres,25
2142,Laura Johnson,21
2143,Claudia Glass,22
2144,April Butler,25
2145,Diana Martin,19
2146,Crystal Dalton,24
2147,Matthew Smith,22
2148,Destiny Carroll,20
2149,Carlos Brown,21
2150,John Baker,19
2151,Destiny Weber,24
2152,Lindsey Cox,25
2153,William Williams,18
2154,Rachel Fuller,20
2155,Rebecca Lynn,19
2156,Dr. Kevin Mcintyre Jr.,22
2157,Danielle Williams,18
2158,Robert Turner,20
2159,David Mathis,20
2160,Jason Williams,20
2161,Ashley Richard,18
2162,Paula Hensley,18
2163,Bianca Villanueva,21
2164,Nathaniel Schroeder,20
2165,Michael Carpenter,22
2166,Samantha Rogers,22
2167,David Flores,22
2168,Wanda Johnson,22
2169,Raymond Smith,24
2170,Cindy Henry,25
2171,Michelle Elliott,24
2172,Michael Johnson,25
2173,Laura Garcia,18
2174,Andrew Matthews,20
2175,Wendy Harding,21
2176,Jeffrey Nelson,20
2177,Richard Ellis,19
2178,Gary Benton,22
2179,Gary Ponce,20
2180,Alec Ball,20
2181,Jennifer Campbell,22
2182,Frank Hubbard,23
2183,Pamela Ward,22
2184,Brandy Mcfarland,25
2185,Emily Davis,23
2186,Christopher Raymond,24
2187,Matthew Hill,24
2188,Gina Gonzales,21
2189,Karen Landry,23
2190,Paula Osborn,21
2191,Mary Collins,20
2192,Zachary Wallace,20
2193,Adrian Green DDS,23
2194,James Landry,23
2196,Sarah Hughes,25
2197,Donald Shepherd,23
2198,Jason Zimmerman,23
2199,Sarah Williamson,22
2200,David Francis,19
2201,Andrew Santos,24
2202,Matthew Hoffman,19
2203,Jessica Welch,21
2204,Randy Wilson,19
2205,Adrian Spencer,22
2206,Tammy Nichols,18
2207,Aaron Clayton,25
2208,Christopher Black,25
2209,Matthew Flores,20
2210,Scott Hall,25
2211,James Woods,23
2212,Joshua Callahan,25
2213,Timothy Long,19
2214,Edward Small,19
2215,Johnathan Hughes,20
2216,Ronnie Jenkins,25
2217,Jordan Cooper,19
2218,Catherine Thomas,21
2219,Richard Torres,19
2220,Cynthia Alvarez,21
2221,Andrew Young,19
2222,Catherine Fuller,20
2223,Krista Bennett,24
2224,Lisa Foster,19
2225,Heather Page,21
2226,Jordan Obrien,18
2227,Jimmy Hernandez,22
2228,Steven Vasquez,24
2229,Jessica Woods,20
2230,Jennifer Dalton,25
2231,Angela Harper,19
2232,Susan Payne,21
2233,Melissa Barry,19
2234,Ryan Rosario,23
2235,Erika Long,25
2236,Angela Owen,20
2237,Rachel Murphy,23
2238,Michelle Harris,19
2239,Tiffany Deleon,19
2240,Kevin Combs,18
2241,Robert Gillespie,25
2242,Kimberly Hensley,18
2243,Ryan Stafford,25
2244,Cassandra Lawson,22
2245,Michelle Anderson,18
2246,Christian Santiago,19
2247,Jennifer Jackson,25
2248,Melissa James,19
2249,Noah Cook,20
2250,Tammy Estes,25
2251,Abigail Stuart,25
2252,Cory Wolfe,21
2253,Wanda Smith,21
2254,Mary Hernandez,19
2255,Nicole Colon,18
2256,Brooke Lawrence,20
2257,Steve Jackson,23
2258,Sarah Cook,22
2259,Gregory Torres,25
2260,Johnny Mckenzie,20
2261,Charles Leonard,23
2262,Kim Love,25
2263,Julia Vang,20
2264,Jenna Shaw,24
2265,Ashley Short,20
2266,Tina Tucker,20
2267,Daniel Leon,24
2268,Joseph David,21
2270,Nicole Todd,20
2271,Wesley Kaiser,20
2272,Anthony Jackson,24
2273,Michelle Sullivan,19
2274,Brandon Welch,25
2275,Tonya Blankenship,19
2276,Bethany Lucas,24
2277,Gina Schmidt,25
2278,Tommy Fuller,22
2279,John Young,24
2280,Paul Brandt,25
2281,Craig Spears,22
2282,John Clark,23
2283,Ashley Cole,22
2284,Erica Miller,22
2285,Jamie Mcdaniel,18
2286,Jose Brooks,20
2287,Kevin Morse,19
2288,Michelle Beck,24
2289,Sara Smith,21
2290,Hailey Mckenzie,23
2291,David Murray,22
2292,James Campbell,25
2293,Chris Long,20
2294,Linda Johnson DDS,21
2295,Kelly Miller,23
2296,Marvin Shaw,18
2297,Carol Sanders,23
2298,Gary Frederick,24
2299,John Cannon,22
2300,Edwin Stone,22
2301,Christopher Flores,18
2302,Dana Smith,24
2303,Laurie Saunders,20
2304,Robert Cole,18
2305,Jay Benson,24
2306,James Hernandez,25
2307,Shane Keith,18
2308,Miss Amanda Miller,23
2309,Tracy Rhodes,20
2310,Michael Williams,19
2311,Michael Lowe,25
2312,Nathan Beasley,18
2313,Joshua Williams,24
2314,Valerie Gallegos,25
2315,Cody Gregory,19
2316,Elizabeth Montgomery,19
2317,Jessica Miller,21
2318,Taylor Fields,21
2319,Kyle Barber,19
2320,Christine Joseph,21
2321,Angelica Pope,18
2322,Ashley Wilkins,23
2323,Rhonda Odom,22
2324,Amanda Hobbs,20
2325,Christopher Rodriguez,24
2326,Melinda Harrington,22
2327,Jason Trevino,22
2328,Crystal Sims,24
2329,Geoffrey Gonzales,20
2330,Nancy Barton,22
2331,Glenn Powell,25
2332,George Cantrell MD,19
2333,Joshua Atkins,19
2334,Rebecca Miller,19
2335,Brian Bishop,19
2336,Jeremy Thompson,19
2337,Susan Myers,20
2338,Briana Davenport,20
2339,Mary Morgan,24
2340,Craig Haynes,25
2341,Walter Smith,18
2342,Jason Myers,21
2343,Emily Garcia MD,20
2344,Kevin Sullivan,21
2345,Dr. Katherine Taylor,19
2346,Ronald Lowe,24
2347,Robert Hunter,22
2348,Stephanie Fernandez,20
2349,Emily Williams,21
2350,Amber Davidson,20
2351,Elizabeth Newton,20
2352,Bruce Williams MD,24
2353,Eric Pitts,24
2354,Melissa Roman,24
2355,Marvin Velasquez,22
2356,Dr. Jared French,19
2357,Julie Cook,23
2358,Stephen Marquez,24
2359,Sarah Anderson,21
2360,Jennifer Howell,21
2361,Kayla Walker,22
2362,Cynthia Jones,24
2363,Crystal Sampson,19
2364,Shawn Perez,20
2365,Tina White,25
2366,Seth Dunn,25
2367,William Smith,21
2368,Michael Guerra,18
2369,Daniel Wilson,24
2370,Pamela Nunez,23
2371,Richard Whitehead,18
2372,Katie Black,24
2373,Evan Cummings,21
2374,Christopher Terry,18
2375,Toni Coffey,23
2376,Gabriel Martin,23
2377,Matthew Simmons,22
2378,Willie Wilson,20
2379,Scott Wilson,21
2380,Sarah Harrison,24
2381,Brandon Smith,21
2382,Lauren Carr,20
2383,Jennifer Werner,25
2384,Sharon Strong,19
2385,Lynn Simon,25
2386,Heidi Sutton,21
2387,Kristen Morales,21
2389,Carl Herring,25
2390,Matthew Clark,20
2391,David Barker,21
2392,Jessica Wood,19
2393,Justin Forbes,25
2394,Katherine Thompson,19
2395,Jennifer Garcia,25
2396,Joseph Jones,25
2397,Shelby Payne DVM,19
2398,Mariah Thomas,23
2399,Dr. Paul Phelps,24
2400,Clinton Morris,23
2401,Thomas Klein,25
2402,Miranda Anderson,24
2403,Timothy Landry,18
2404,Daniel Vazquez,23
2405,Melinda Jones,18
2406,Candice Dawson,18
2407,Michele Herring,21
2408,Brooke Frazier,22
2409,Alyssa Richardson,22
2410,Christopher Shaw,18
2411,Rebecca Miller,22
2412,Heather Crane,18
2413,Alexander Coleman,23
2414,David Osborn,23
2415,Alexandra Graham,25
2416,Mark Graves,24
2417,Alyssa Anderson,18
2418,Danielle Bates,20
2419,Dr. James Ramsey Jr.,25
2420,Roy Nguyen,18
2421,Jason Nelson,22
2422,Alicia Diaz,19
2423,Barbara Miller,19
2424,Brenda Hansen,21
2425,Derek Walker,23
2426,Tracy Harris,18
2427,Jerry Bell,22
2428,Betty Ramsey,22
2429,Tanya Johnson DDS,21
2430,Steven Beck,21
2431,Jason Lewis,24
2432,Marc Ramos,25
2433,Jennifer Rosales,18
2434,Sarah Adams,19
2435,Mr. Robert White,19
2436,Kristy Rodriguez,23
2438,Nicholas Bridges,24
2439,Justin Stark,19
2440,Ashley Blackwell,18
2441,Tyler Fisher,24
2442,Danielle Mckinney,23
2443,Anthony Miranda,20
2444,David Davis,23
2445,Sherry Harris,21
2446,Angel Ford,23
2447,Michelle Manning,21
2448,Andrea Haney,24
2449,Jeffrey Castillo,18
2450,Robert Berger,23
2451,Karen Douglas,20
2452,Mark Garcia,20
2453,Matthew Kelly,21
2454,Angela Peters,20
2455,Angela Espinoza,25
2456,David Bruce,21
2458,Jason Hudson,19
2459,Ashley Ramirez,24
2460,Jeffrey Miller,24
2461,Thomas Smith Jr.,21
2462,Maria Duarte,24
2463,Brandi Green,20
2464,Faith Daniels,21
2465,Aaron Page,18
2466,Troy Graves,18
2467,Micheal Munoz,25
2468,Christine Rodriguez,23
2469,Thomas Brown,23
2471,Patricia Morris,21
2472,Jennifer Chandler,22
2473,Lauren Cummings,25
2474,Douglas Cook,25
2475,Robert Doyle,25
2476,Susan Owen,19
2477,Michael Hoover,18
2478,William Marsh,18
2479,Hannah Tran,24
2480,Justin Landry,24
2481,Karl Coffey,21
2482,Michael Williams,24
2483,Dale Anderson,21
2484,Frederick Orr,21
2485,Christopher Stewart,19
2486,Brad Rodriguez,19
2487,Jack Guerrero,20
2488,Keith Bauer,18
2489,Alan Reed,21
2490,Vickie Spencer,24
2491,Becky Phelps,18
2492,Daniel Barnes,25
2493,Karla Mendoza,21
2494,Kimberly Sandoval DDS,18
2495,John Stevens,24
2496,Michelle Preston,23
2497,Jason Dawson,19
2498,Christina Wright,19
2499,Sara Carroll,19
2500,Stacy Brown,22
2501,Wendy Alvarez,20
2502,Nathan Cook,24
2503,Denise Collins,18
2504,Alexander Wright,20
2505,Lindsey Gomez,24
2506,Scott Frank,22
2507,Stacey Berg,20
2508,Frank Baldwin,23
2509,John Woodward,23
2510,Nicole Hernandez,19
2511,Roberta Cook,24
2512,Sharon Boyd,25
2513,Robert Salazar,22
2514,Patricia Branch,23
2515,Robert Meadows,20
2516,Elizabeth Fitzpatrick,18
2518,Denise Montes,24
2519,Scott Ramirez,23
2520,John Lawrence,24
2521,Alexander Ellison,19
2522,Karen Lee,25
2523,Jamie Clark,20
2524,Lauren Walker,25
2525,Amy Reyes,24
2526,Andrea Figueroa,20
2527,Christopher Sanchez,25
2528,Kimberly Baldwin,24
2529,John Proctor,22
2530,Emily Barker,18
2531,Bruce Wolfe,24
2532,Maria Martinez,25
2533,Hunter Lyons,21
2534,Nancy Richards,18
2535,Henry Becker,22
2536,Rachel Hill,24
2537,Mr. Joshua Reyes,18
2538,Morgan Taylor,18
2539,Adam Escobar II,22
2540,Mark Small,25
2542,Sara Reynolds,23
2543,Larry Case,19
2544,Caitlin Watson,24
2546,Michael Mathews,24
2547,Patricia Thomas,21
2548,John Harris,22
2549,Christian Bell Jr.,25
2550,Christopher Vargas,22
2551,Drew Lambert,21
2552,Roger Perez,25
2553,Charles Mclaughlin,25
2554,Jamie Chambers,23
2555,Joshua Greer,19
2556,Angela Andrews,22
2557,Nicholas Merritt,22
2558,Ashley Mcconnell,22
2559,Lawrence Hampton,20
2560,John Hart,18
2561,Jeffery Obrien,23
2562,Eric Rose,20
2563,Nicole Powell,23
2564,Christopher Brown,23
2565,Christine Allen,18
2566,Tammy Baker,23
2567,Dana Conner,18
2568,Angela Ramirez,23
2570,Daniel Smith,25
2571,Michelle Chang,25
2573,Christina Wang,21
2574,David Grant,18
2575,Scott Williams,23
2576,Scott Baldwin,22
2577,Bradley Andrade,19
2578,Anita Mcdaniel,19
2579,Chad Wilson,23
2581,Jacqueline Bishop,21
2582,Ashley Quinn,22
2583,Bobby Williams,22
2584,Lisa Wagner,23
2585,Joseph Galloway,19
2586,Sarah Palmer,23
2588,Jose Vaughn,18
2589,Kayla Shaw,19
2590,William Park,24
2591,Lori Martinez,18
2592,Lucas Adams,19
2593,William Garcia,20
2594,Tara Lopez,25
2597,Sarah Garcia,24
2598,Michael Weaver,25
2599,Michael Bailey,25
2600,Regina Sanchez,23
2601,Catherine King,22
2602,Bernard Welch,18
2603,Gloria Copeland,19
2604,Shane Miller,19
2605,Tina Gray,18
2606,Jason Mcgee,19
2607,Daniel Smith,18
2608,Kimberly Taylor,21
2609,Walter Cabrera,18
2610,Rhonda Ortiz,22
2611,Jennifer Padilla,22
2613,Jeffrey Williams,22
2614,Dr. Timothy Morris,24
2615,Angela Beard,22
2616,Karen Arnold,23
2617,James Delgado,20
2618,Amber Ho,18
2619,Barbara Doyle,23
2620,Charles Guzman,25
2622,Destiny Roberts,21
2623,Joseph Oliver,23
2624,Jim Neal,24
2625,Katie Moon,21
2626,Garrett Myers,21
2627,Jamie Snow,25
2628,Jody Miller,21
2629,Timothy Brown,25
2630,Dr. Jessica Long DDS,24
2631,David Mckay,22
2633,Francis Mccoy,24
2636,Sharon Byrd,23
2637,Ashley Williams,25
2638,Jacob Pineda,24
2639,Jennifer Foster,18
2640,Jesse Cummings,18
2641,Jessica Patrick,18
2642,Paul Duran,25
2643,Justin Cortez,19
2645,Michael Hood,20
2646,Michelle Miller,22
2647,Sherry Bruce,22
2648,Christopher Williams,20
2654,Alice Solomon,23
2657,Victoria Nelson,24
2658,John Hernandez,20
2659,Rebecca Gonzalez,18
2661,Kurt Kim,18
2662,Brittany Rivas,22
2663,Jessica Nelson,24
2664,Jeff Dyer,25
2665,David Barry,25
2666,Cole Floyd,23
2667,Dawn Lester,24
2668,Heidi Sullivan,24
2669,Victor Ramirez,25
2670,Christian Dudley,18
2671,Larry Diaz,18
2672,James Hammond,19
2673,Steven Rios,22
2674,Diamond Prince,19
2675,Marvin Wright,20
2676,Michael Rogers,25
2677,Tamara Golden,18
2678,Megan Glover,25
2679,Stephanie Moore,22
2680,Gregory Valdez,21
2681,Teresa Brandt,23
2682,Michael Donaldson,19
2683,Jason Hoffman,24
2684,Shawn Tate,19
2685,Christopher Lewis,24
2686,David Wong,23
2687,Christopher Barnett,18
2688,Michael Castillo,25
2689,Andrew Shelton,25
2690,Mr. Michael Buck,18
2691,Brent Thomas,19
2692,Amber Walsh,25
2693,Kelly Bowen,20
2694,Daisy Harrison,21
2695,Lisa Smith,24
2696,Christopher Zamora,21
2697,Heather Lewis,19
2698,James Martinez,22
2699,Shannon Williams,21
2700,Crystal Melendez,20
2701,Tammy Wright,24
2702,Anna Cook,18
2703,Michelle Simpson,18
2705,David Mcclure,23
2706,Cassandra Duncan,23
2707,Jacqueline Roberts,20
2708,Mrs. Joanna Porter,20
2709,Aaron Sims,18
2710,Marcus Adams,24
2711,Jamie Page,21
2712,Samuel Martinez,22
2713,Nicole Martinez,23
2714,Erica Smith,19
2715,Desiree Zimmerman,20
2716,Johnny York,23
2717,Travis Lawson,18
2718,Amy King,24
2719,James Brown,25
2720,Robert Stewart,18
2721,William Green,22
2722,Samuel Day,18
2723,William Taylor,21
2724,Brian Thomas,25
2725,Andrew Mason,22
2726,Dr. Tamara Guerrero MD,18
2727,Charlotte Lee,24
2728,Mr. Matthew Green,25
2729,Cody Hopkins,24
2730,Gordon Fleming MD,20
2731,Elizabeth Wilson,24
2732,Vanessa Rodriguez,19
2733,Larry White,25
2734,David Owens,21
2735,David Williams,18
2736,Melissa Barnes,25
2737,Jonathan Horn,23
2738,Mr. Jesse Livingston PhD,21
2739,Barbara Rogers,19
2741,Michael Adams,25
2742,Laura Mayer,23
2743,Holly Moreno,19
2744,Dakota Wiley,19
2745,Danielle Wade,22
2746,Michael Davis DDS,25
2747,Brenda Hill,25
2748,Krystal Smith,19
2749,Rebecca Shields,23
2750,Scott Brown,19
2751,Joshua Murphy,20
2752,Hannah Lee,21
2753,Peter Payne,22
2754,William Valdez,24
2755,Roberto Bates MD,24
2756,Megan Davis,19
2757,Jacqueline Smith,19
2758,Rebecca Martinez,23
2759,Miranda Lucas,24
2760,Kevin Reese,24
2761,Eric Fernandez,24
2762,Christian Williams,18
2763,Johnny Johnson,25
2764,Ryan Day,20
2765,Steven Henderson,25
2766,Sheila Spence,21
2767,Paul Dorsey,18
2768,Richard Smith,23
2769,Makayla Guzman,25
2770,Ryan Mcmahon,23
2771,Larry Mendoza,23
2772,Brianna Moore,22
2773,Tina Harris,20
2774,Cassandra Gonzalez,18
2775,Nathan Kim,24
2776,Douglas Turner,25
2777,Jose Walker,21
2778,Jay Patel,18
2779,Barbara Snyder,25
2780,Crystal Thompson,24
2781,Sean Graham,20
2782,Jessica Sellers,24
2783,Dana Weber,22
2784,Lauren Wilson,19
2785,Debra Bridges,21
2786,Gabriel Wilson,22
2787,Lee Rice,20
2788,William Harris,25
2789,James Farrell,21
2790,Daniel Lester,25
2791,Patricia Hall,22
2792,Kelly Morris,21
2793,Riley Harrington,25
2794,Ronald Walker,24
2795,Kevin Cohen,19
2796,Peter Hendrix,18
2797,Gabriela Thompson,22
2798,Lisa Brown,22
2799,Scott Baldwin,22
2800,Mary Turner,25
2801,Tonya Lozano,23
2802,Andrew Brown,24
2803,Kevin Macias,18
2804,Ariana Hughes,25
2805,Christopher Holt,19
2806,Darren Brooks,25
2807,Ryan Johnston,18
2808,Nicole Wright,24
2809,Richard Molina,21
2810,Hannah Hernandez,20
2811,Dillon Walker,23
2812,Walter Martin,18
2813,Michael Lawson,25
2815,Robert Garcia,18
2816,Angela Martinez,19
2817,Joseph Martin,23
2818,Matthew Gentry,19
2819,Robert Green,20
2820,Joanne Reed,25
2821,Cynthia Sanders,19
2822,Thomas Morgan,24
2823,Jake Matthews,21
2824,Catherine Koch,22
2825,Sean Gaines,18
2826,Doris Dean,22
2827,Christina Valdez,23
2828,Christopher Jenkins,21
2829,Javier Clayton,18
2830,Jessica Banks,18
2831,Sarah Gonzalez,22
2832,Christina Mitchell,24
2833,Lindsey Evans,18
2834,Nicole Torres,18
2835,Brent Knight Jr.,18
2836,Ashley Hamilton,24
2837,Edwin Frost,18
2838,Jason Lopez,21
2839,Crystal Vasquez,24
2840,Robert Hawkins,21
2841,Dennis Jackson,20
2843,Lisa Diaz,19
2844,Amy Lewis,18
2845,Amber Stanton,24
2846,Lisa Olson,19
2847,Ronnie Fuller,22
2848,Sean Rollins,20
2849,John Miller,21
2850,Meagan Wood,20
2851,Jeffrey Collins,18
2852,Alexandria Valenzuela,24
2853,Jonathan Clark,22
2854,Andrew Patton,25
2855,Jamie Arellano,25
2856,Zachary Lee,19
2857,David Nichols,23
2858,Scott Davis,24
2859,Victor Irwin,21
2860,Donald Wong,23
2861,Katherine Hawkins,24
2862,Dr. Heather Swanson,23
2863,Stephen Lloyd,24
2864,Tracy Sparks,25
2865,Jessica Medina,22
2866,Sheila Landry,19
2867,David Ferrell,20
2868,Billy Wong,20
2869,Nicholas Schwartz,19
2870,Robert Moreno,22
2871,Tiffany Wilcox,20
2872,Helen Schwartz,21
2873,Lisa Johnson,18
2874,Brooke Lozano,20
2875,Dr. Brian Reyes MD,23
2876,Misty Perez,22
2877,Stephen Ray,24
2878,Nicole Williams,24
2879,William Mejia,18
2880,Karen Hutchinson,25
2881,Lynn Allen,21
2882,Michael Maxwell,23
2883,William Romero,19
2884,Julie Avery,20
2885,Stephanie Gibbs,21
2886,Edwin Hernandez,20
2887,Elizabeth Patterson,19
2888,Russell Chang,23
2889,Earl Hernandez,19
2890,Lisa Ramsey,19
2891,Joseph Norton,25
2892,Andrew Swanson,18
2893,Laura Harrington,25
2894,Alan Reyes,18
2895,Jennifer Reynolds,23
2896,Ashley Robinson,21
2897,Emily Melendez,21
2898,Jennifer Christensen,20
2899,Alexis Kline DVM,18
2900,George Burgess,20
2901,Faith Morales,23
2902,Ashley Davis,25
2903,Kenneth Rodriguez,20
2904,Richard Simon,24
2905,Tristan Hale,19
2906,Ryan Young,24
2907,Ethan Orozco,19
2908,Nicholas Brown,19
2909,Maria Sanders,23
2910,Haley Ferguson,22
2911,Karen George,24
2912,Monica Fletcher,19
2913,Lauren Morales,24
2914,Mark Hernandez,22
2915,Debra Rodriguez,22
2916,Nicole Wilson,24
2917,Tiffany Peterson,18
2918,Rhonda Johnson,20
2919,Cameron Martin,22
2920,Michelle Stevens,22
2921,Leah Rodriguez,23
2922,Larry Wiley,20
2923,Kenneth Mitchell,19
2924,Nancy Jordan,19
2925,Brandi Anderson,19
2926,Mr. Maurice Juarez,19
2927,Mrs. Cynthia Mason,20
2928,Derek Maddox,24
2929,Aaron Scott,21
2930,Justin Brown,22
2931,Margaret Schaefer,23
2932,Sarah Weeks,20
2933,Joseph Robertson,19
2934,Sean Leon,23
2935,Timothy Burke,24
2936,Amanda Smith,19
2937,Susan Williams,19
2938,Christine Morris,18
2939,Mariah Cardenas,19
2940,Heather Gonzalez,22
2941,Stephanie Roman,19
2942,Dominique Martinez,20
2943,Patricia Gibson,20
2944,Sandra Brown,22
2945,Matthew Bowers,19
2946,Matthew Johnston,25
2947,Sheri Dorsey,19
2948,Jacob Wall,18
2949,Rebecca Anderson,19
2950,Melissa Griffith,23
2951,Joshua Smith,25
2952,Alyssa Davis,18
2953,Julia Morgan,20
2954,Rebecca Thomas DDS,25
2955,Jennifer Dorsey,18
2956,Sean Rhodes,22
2957,Andrew Hardy,23
2958,Lynn Davis,19
2959,Aaron Mcdonald,18
2960,Kevin Ramos,24
2961,Carlos Pitts DDS,23
2962,David Keller,20
2963,Samuel Colon,25
2964,Natasha Jones,18
2965,Victoria Stevenson,23
2966,Melissa Ramos,23
2967,Mr. Jason Ruiz,19
2968,Thomas Giles,24
2969,Garrett Rogers,18
2970,Tony Burton,21
2972,Caitlin Eaton,23
2973,Rodney Williams,19
2974,William Murphy,23
2975,Sean Nielsen,25
2976,Philip Clark,19
2977,Jason Washington,19
2978,Nicholas Mays,24
2979,Scott Gomez,23
2980,Brenda Rogers,22
2981,Robert Smith,21
2982,David Hansen,25
2983,Bruce Norton,25
2984,Shane Smith,19
2985,John Wilkins,21
2986,Sherry Dougherty,20
2987,Ivan Tyler,18
2988,Joseph Silva,22
2989,Steven Schwartz,20
2990,Daniel Hill,24
2991,Diamond Rodriguez,21
2992,Edward Thomas,21
2993,Debra Phillips,20
2994,Rachel Tucker,24
2995,Jennifer Johnson,25
2996,Maria Carter,20
2997,Mary Ochoa,23
2998,Donald Flores,22
2999,Julie Ross,23
3000,Crystal Roberts,21
3001,Mark Warner,21
3002,Diana White,18
3004,Yvonne Butler,22
3005,Brittany Ross,24
3007,Renee Copeland,20
3008,Martha Gregory,21
3009,Natalie Nelson,18
3010,Heidi Garza,20
3011,Matthew Simpson,18
3012,Carrie Roberts,21
3013,Richard Moran,22
3014,Alison Green,19
3015,Joseph Wheeler,20
3016,Erin Miller,25
3017,Michael Garcia,21
3018,Nancy Williams,20
3019,Tracy Singleton,20
3020,Stephanie Cooper,21
3021,Jonathon Kelly,22
3022,Christopher Welch,19
3023,Randy Salazar,19
3024,Autumn Brooks MD,21
3025,Pedro Phillips,25
3026,Alan Parker,19
3027,Jared Williams,21
3028,Ashley Woods,19
3029,Linda Washington,24
3030,Rachel Riley,22
3032,Patricia Ward,20
3033,Pamela Farrell,23
3034,Todd Cruz,19
3035,Catherine Richardson,22
3036,Sarah Best,25
3038,Daniel Buck,21
3039,Maria Bishop,23
3040,Molly Thomas,23
3041,Megan Pena,20
3042,Michael Mills,20
3043,James Perkins,19
3044,Michael Smith,21
3045,David Gutierrez,19
3046,Jason Noble,21
3047,Renee Hardy,24
3048,Joel Smith,24
3049,Melissa Benitez,24
3050,Benjamin Smith,23
3051,Adriana Figueroa,21
3052,Steve Love,23
3053,Dawn Jones,23
3054,William Underwood,20
3055,Justin Juarez,21
3056,Charles Lester,23
3057,John Espinoza,21
3058,Kyle Burton,25
3059,Adam Bates,21
3060,Gary Hamilton,24
3061,Jonathan Bryant,18
3062,Jill Vasquez,24
3063,Christian Rodriguez,19
3064,Brittney Robinson,18
3065,Tiffany Sanchez,22
3066,Louis Ramirez,24
3067,Rachel Wilson,18
3068,Alicia Butler,25
3069,Brian Bolton,24
3070,Valerie Williamson,20
3072,Sean Watson,22
3073,Lori Hinton,21
3074,Scott Beck,22
3075,Andrea Ramirez,21
3076,Olivia Gonzalez,20
3077,Mary Ruiz,20
3078,Trevor Brown,22
3079,Pamela Hahn,20
3080,James Cohen,24
3081,Jeffrey Hampton,25
3082,Stacey Ho,23
3083,Ian White,24
3084,Jennifer Ryan,18
3085,Jean Miller,21
3086,Michael Lawson,19
3087,George Anderson,22
3088,Erica Rivera,22
3089,Ms. Jessica Martinez,23
3090,Theresa Reyes,25
3092,Shawn Smith,20
3093,Kimberly Joseph,25
3094,Jeffery Kelly,25
3095,Mary Myers,25
3096,Tyler Hudson,25
3097,William Washington,22
3098,Kathleen Rogers MD,21
3099,George Graham,19
3100,Kaitlyn Smith,23
3101,Kimberly Reyes,19
3102,Jennifer Oconnor,23
3103,Jillian Turner,20
3104,Jessica Blanchard,19
3105,Alison Miller,20
3106,Donna Jordan,18
3107,Christopher Arnold,18
3108,Lisa Cisneros,24
3109,Jacqueline Esparza,19
3110,Michael Ortiz,23
3111,Miguel Berry,21
3112,Grace Benson,21
3113,Cory Parker,25
3114,Kevin Gardner,22
3115,Daniel Ross,23
3116,Morgan Villegas,21
3117,Elizabeth Stewart,25
3118,Joshua Rodriguez,24
3119,Tyler Williams,20
3120,Kyle Peterson,20
3122,Cathy Green,25
3123,Sarah Harrison,25
3124,Maria White,21
3126,Kathleen Miller,19
3127,Ricardo Thompson,19
3128,Michael Murphy,23
3129,Ronald Clark,21
3130,Nicholas Howell,23
3131,Jenna Clark,24
3132,Dylan Gross,19
3133,Danny Garcia,22
3135,Christine Morgan,18
3136,Susan Gonzalez,21
3137,Lisa Porter,23
3138,William Bennett,25
3139,Rebecca Black MD,20
3140,Mary Evans,23
3141,Robert Reid,24
3142,Lisa Miller,23
3143,Matthew Love,20
3144,Jesse Ford,21
3145,Amanda Reid,19
3146,Diane Thomas,19
3148,Janice Vaughn,21
3149,Hector Rodriguez,19
3150,Brian Pierce,23
3151,Patrick Rivera,18
3152,Natalie Armstrong,21
3153,Amy Garcia,18
3154,Ryan Hart,24
3155,Kevin Clark,18
3156,Pamela Wiggins,19
3157,Scott Hardy,23
3158,Jeanette Miller,25
3159,Brittany Hale,18
3160,Kendra Walsh,20
3161,Jennifer Nelson,23
3162,Christina Evans,20
3163,Allison Nguyen,20
3164,Alexander Gillespie,23
3165,Joseph Perry,19
3166,Sandra Wheeler,23
3167,Andrew Kaiser,19
3168,David Giles,24
3169,Lisa Garcia,25
3170,Richard Hernandez,22
3171,Monica Holmes,20
3172,John Russo,18
3173,Mark Peterson,18
3174,Joy Clark,25
3175,Cody Carr,24
3176,Jared Romero,25
3177,Ms. Kimberly Anderson,20
3178,Carla Carlson,25
3179,Paul Tanner,25
3180,Joseph Thompson,22
3181,Jasmine Irwin,23
3182,Brandi Wade,21
3184,Amber Mcbride,23
3185,Shannon Buck,19
3186,Jorge Figueroa,20
3187,Pamela Dennis,20
3188,Brent Coleman,18
3189,Jaclyn Weaver,24
3190,Mary Taylor,20
3191,David Tyler,18
3192,Michael Marsh,19
3193,James Patel,18
3194,Jill Hammond,24
3195,Pamela Padilla,23
3196,Heather Allen,24
3197,Michael Mayer,22
3198,Dr. Nicole Watson,20
3199,Jessica Powell,25
3200,Carolyn Adams,18
3201,Carrie Herman,18
3202,Brandon Robinson,22
3203,Joseph Garcia,22
3204,Jeffrey James,25
3205,Rebekah Miller,20
3206,Rebecca Olson,18
3207,Chris Weaver,25
3208,Gregory Adams,23
3209,Alyssa Moore,20
3210,Sara Ford,24
3211,Gloria George,20
3212,Tina Hernandez,23
3213,Stephanie Williams,21
3214,Christina Huang,25
3215,Mr. Gabriel Friedman Jr.,25
3217,Michael Martinez,20
3218,William Wilcox,21
3219,Sean Ryan,18
3220,Mrs. Ashley Turner,22
3221,Patrick Brooks,21
3222,Dustin Gentry,18
3223,Joseph Johnson,24
3224,Catherine Keith,21
3225,Richard Griffin,23
3226,Lucas Huang,19
3227,Scott Leach,20
3228,Tracey Chavez,21
3229,Katherine Stout,25
3231,Daniel Sanchez,21
3232,Joseph Yang,19
3233,Jessica Ruiz,18
3234,Breanna Barron,21
3235,William Travis,22
3236,Connie Johnson,19
3237,Kelly Chapman,20
3238,Adrienne Sullivan,22
3239,Robert Reyes,24
3240,Kelly Hardy,18
3241,Shari Gordon,20
3242,Hannah Johnson,24
3243,Carmen Lin,23
3244,Sarah Ramirez,18
3245,Lisa Mcguire,19
3246,Jon Lawrence,25
3247,Brooke Wu,24
3248,Brandon Macias,21
3249,Troy Johnson,19
3250,Christine Randall,18
3251,Angel Cummings,22
3252,Amanda Lowery,19
3253,Brian Jones,19
3254,Emily Sellers,23
3255,Kyle Dawson,19
3256,Mariah Brown,21
3257,George Bryant,19
3258,Jacob Allen,24
3259,Jonathan Clark,21
3260,Jimmy Pacheco,23
3261,Melissa Horn,18
3262,Allison Diaz,24
3263,Brenda Petersen,25
3264,Seth Walker,25
3265,Anthony Stephenson,18
3266,Derrick Stone,20
3267,Lawrence Sanford,23
3268,Brandi Bishop,22
3269,Cassandra Jimenez,25
3272,Rebecca Shields,24
3273,Julie Vasquez,23
3274,Gregory Watkins,22
3275,Diane Lane,21
3276,Sandra Mclean,23
3277,Heather Montgomery,25
3278,Samuel Smith,24
3279,Jennifer Williams,23
3280,Rachel Walker,22
3281,Brian Taylor,21
3283,Diane Mejia,22
3284,David Wells,20
3285,Jennifer Myers,25
3286,Erika Brown,24
3287,John Brown,18
3288,Ryan Garza,18
3289,Erica Crawford,23
3291,Dr. Lindsay Larson,21
3292,Joseph Barton,25
3293,Anthony Kelley,20
3294,Amy Wilson,18
3295,David Walton,20
3296,Joshua Stout,23
3297,Rachel Campbell,19
3298,Donald Banks,24
3299,Barry Rogers,22
3300,George Velasquez,19
3301,Heather Brewer,23
3302,Wanda Jackson,19
3303,Joshua Campbell,19
3304,Sean Gregory,18
3305,Sarah Woods,19
3306,Richard Carter,18
3307,Jessica Gutierrez,25
3308,Rebecca Davis,25
3309,Eduardo Burnett,23
3311,Brandon Watson,18
3312,Michelle Ortiz,20
3313,Jeffrey Hutchinson,23
3314,Nicole Torres,19
3315,Tara Christian,19
3316,Colin Garcia,18
3317,Chelsea Finley,21
3318,Alex Williams,21
3319,Jessica Richard,19
3320,Vanessa Carroll,24
3321,Carrie Perkins,25
3322,Rachel Roberts,19
3323,Elizabeth Alexander,25
3324,Jennifer York,18
3325,Cory George,22
3326,Robin Beck,23
3327,Victoria Carter,18
3328,Patricia Edwards,24
3329,Jennifer Fernandez,24
3330,Katherine Simpson,18
3331,Gary Maynard,22
3332,Melanie Gonzalez,21
3333,Amy Summers,23
3334,Kristen Williams,24
3335,David Smith,20
3337,Oscar Ruiz,21
3338,Zachary Miller,22
3339,Cathy Garcia,22
3340,Ian Campbell,19
3341,Michael Compton,18
3342,Ruben Gilbert,23
3343,Bobby Nixon,25
3344,Amber Rodriguez,21
3345,John Gutierrez,20
3346,Cody Gonzales,21
3347,Lauren Hood,22
3348,Terry Crawford,19
3349,Jodi Bell,19
3350,Edward Bennett,19
3351,Kathryn Smith,25
3352,Pamela Hall,18
3353,Jonathan Taylor,25
3355,Edward Rubio,22
3356,Jeremy Reyes,22
3357,Paul Castro,22
3358,Karen Davis,22
3359,Rebecca Jones,25
3360,Matthew Torres,23
3362,Angel Garcia,19
3363,Johnathan Cowan,21
3364,Sarah Jacobson,20
3365,Gregory Hogan,25
3366,Lisa Jones,20
3367,Lacey Jones,21
3369,Alexandra Mcpherson,21
3371,Tonya Ramirez,25
3376,Jennifer Peterson,19
3377,Shannon Ramirez,23
3378,Cindy Davidson,19
3379,Robin Mason,19
3381,Kenneth Jackson,18
3382,David Richard,19
3384,Benjamin Thomas,20
3386,Maureen Browning,24
3387,Ms. Angelica Carr,22
3388,Bruce Shaw,20
3390,James Sanders,18
3391,Jessica Coleman,25
3392,Carmen Peterson,25
3394,Jennifer King,21
3395,Karen Murray,19
3396,Susan Huffman,22
3397,Curtis Young,25
3398,Mrs. Monica Mccarthy,19
3399,Timothy Smith,19
3401,Samuel Mills,21
3402,Megan Turner,22
3403,Jill Smith,21
3406,Andrew King,18
3410,Melissa Atkins,22
3411,Robert Brown,20
3412,Alex Wilson,25
3416,Wendy Arnold,19
3417,Marcus Foster,23
3419,Kathleen Navarro,21
3422,Denise Graham,21
3425,David Medina,23
3426,Jennifer Kelley,21
3437,Nathan Nelson,24
3438,Jonathan Price,20
3439,Robert Villanueva,22
3440,Shannon Spencer,24
3441,Ruth Klein,19
3442,Sharon Bell MD,22
3443,Jennifer Thompson,22
3444,Denise Gregory,25
3445,Madison Bruce,24
3446,Jon Olson,22
3447,Dustin Holt,25
3448,Jennifer Pearson,23
3449,Shelly Alvarez,25
3450,Aaron Bean,23
3452,Lisa Coleman,18
3454,Lori Smith,22
3455,Patricia Riggs,22
3456,David Martin,18
3457,Mike Rodriguez,23
3458,Stephanie Fitzgerald,19
3459,Jessica Smith,18
3460,Emily Daniels,22
3461,Donald Ryan,18
3462,Patricia Rivera,24
3463,Andrew Mcdowell,23
3464,Christopher Burton,22
3465,Julie Beck,18
3466,Kimberly Williams,21
3467,James Villanueva,23
3468,Samuel Williams,20
3469,Joshua Riley,21
3470,Ronald Davis,20
3471,Richard Cain,23
3472,Philip Coleman,21
3473,Chelsea Roberts,21
3474,Annette Soto,22
3475,Angela Allen,23
3476,Natasha Jones,22
3477,Jeremy Johnston,24
3478,Sherry Duarte,25
3479,Hunter Lindsey,23
3480,Kenneth Meyers,24
3481,Rebecca Webb,25
3482,Daniel Clark,20
3483,Kevin Santos,18
3484,Felicia Boyer,23
3485,David Richard,20
3486,Timothy Ryan,19
3487,Jessica Harrison DDS,22
3488,Carol Rios,19
3489,Joanne Rubio,24
3490,Dr. Denise Chavez,19
3491,Andre Jimenez,18
3492,Michele Stone,20
3493,Dr. Sarah Morales,23
3494,James Walters,20
3495,Megan Snyder,21
3496,Ms. Stephanie Walsh,22
3497,Julie Thomas,24
3498,Mary Morales,24
3499,Beth Riley,23
3500,Katherine Ballard,21
3501,John Miles,22
3502,Francisco Hammond,21
3503,Cynthia Cole,20
3504,Sarah Poole,23
3505,Rodney Gordon,21
3506,Courtney James,19
3507,Tricia Curtis,18
3508,Kayla Smith,25
3509,Noah Smith,20
3510,Rebecca Rodriguez,22
3511,Susan Griffin,24
3512,Paul Brandt,19
3513,Donald Murphy,22
3514,Andrea Duarte,19
3515,Ashley White,18
3516,Melinda Bauer,18
3517,Carlos Johnson,25
3518,Marcus Tucker,21
3519,Trevor Edwards,20
3520,Michael Jensen,22
3521,Laura English,25
3522,Mason Brewer,18
3523,Charles Harris,20
3524,Christopher Everett,24
3525,Charles Mcdaniel,25
3526,Eric Mccormick,21
3527,Nichole Horton,23
3528,Stacy Oconnor DDS,20
3529,Janet Sims,25
3530,Manuel Hale,19
3531,Thomas Steele,23
3532,Billy Evans,20
3533,Troy Combs,23
3534,Juan Martinez,22
3535,Charles Bond,18
3536,Daniel Horton,25
3537,James Villa,25
3538,Eric Macias,24
3539,Jeremiah Wolf,20
3540,Mark Anderson,20
3541,Carolyn Stewart,21
3542,Calvin Ramirez,21
3543,Russell Taylor,24
3544,Joseph Harrison,19
3545,Jorge Torres,19
3546,Carla Rodriguez,19
3547,Jeremy Fuller,23
3548,Derek Garcia,18
3549,Eric Yu,21
3550,Christine Park,24
3551,Marcus Bush,25
3552,Gabriela Terrell,22
3553,David Gross,25
3554,Mrs. Felicia Banks,21
3555,Michael Baker,21
3556,Michael Hampton,20
3557,Karen Smith,24
3558,Samuel Duncan,18
3559,Glenn Bradshaw,23
3560,Joshua Lyons,22
3561,Angie Blair,19
3562,Joseph White,24
3563,Vanessa Moore,22
3564,Natasha Allen,18
3565,Amy Stafford,25
3566,Jamie Schultz,20
3567,Kathryn Jackson,21
3568,Joshua Duncan,20
3569,Michael Wallace,24
3571,Sarah Scott,20
3572,Natalie Andrade,19
3573,Mike Martinez,25
3574,Charles Carrillo,21
3575,Michelle Mcdaniel,25
3576,Jessica Morgan,24
3577,Tiffany Campbell,25
3578,Nicole Zimmerman,22
3579,Lauren Melton,24
3580,Shane Sparks,25
3581,Todd Taylor,25
3582,Angela Peterson,18
3583,Sandra Humphrey,21
3584,Holly Zavala,21
3585,Nicole Wilson,25
3586,Jonathan Bailey,21
3587,Robert Daugherty,25
3588,Amy Morgan,23
3589,Keith Estes,25
3590,April Lynch,23
3591,Adrian Allen,18
3592,David Williams,25
3593,Brittney Rodgers,22
3594,Ms. Donna Lee,19
3595,Wayne Mckee,22
3596,Shannon Moore,18
3598,Bradley Campbell,19
3599,Robert Turner,24
3600,Zachary Grant,25
3601,Donald Miller,25
3602,Anthony Ray,23
3603,Michael Jackson,25
3604,Charles Ortega,23
3605,Ariel Woods,24
3606,Phyllis Alvarado,23
3607,Julie Norris,24
3608,Robert Santana,20
3609,Jared Hernandez,25
3610,Darren Williams,23
3611,Matthew Keith,23
3612,Jamie Rivas,21
3613,Tommy Monroe,23
3614,Michael Kelley,24
3615,Terri Taylor,25
3616,Brian Meadows,18
3617,Rhonda Blackwell,25
3618,Kirk Hodge,22
3619,Kenneth Reyes,23
3620,Patricia Moore,23
3621,Danielle Mata,21
3622,Christian Hernandez,22
3623,Tiffany Bell,22
3624,Dr. Daisy Cook,19
3625,Hayden Olson,21
3626,Nathaniel Lopez,24
3627,Kara Garcia,24
3628,Bernard Liu,19
3629,Heidi Wilson,20
3630,Shelly Craig,20
3631,Anthony Ramirez,21
3632,Kevin Delgado,18
3633,Adrian Calderon,23
3634,Robert Townsend,21
3635,Jasmine Robinson,25
3636,Jack Brown,21
3637,April Thomas,23
3638,Jeffery Clay,18
3639,Jennifer Greene,25
3640,Mary Brown,23
3641,Amy Hernandez,19
3642,Ronnie Lynch,23
3643,David Murphy,23
3644,Spencer Chapman,21
3645,Kevin Johnson,21
3646,Megan Henry,19
3647,Olivia West,22
3648,Daniel Castro,23
3649,Jeffrey Chambers,23
3651,Julie Owens,18
3652,Antonio Cowan,20
3653,Brian Mckee,25
3654,Joseph Burgess,23
3655,Jacob Perry,20
3656,Angel Martin,20
3657,Alexander Stephens,21
3658,Christopher Wilson,20
3659,Katherine Hayes,22
3660,Jack Robertson,22
3661,Mitchell Mcbride,23
3662,Erica Garcia,24
3663,Stephen Weiss,23
3664,Toni Watkins,19
3665,James Gibson,24
3666,Paul Medina,23
3667,Brenda Diaz,23
3668,Sherry Brown,21
3669,Alyssa Harris,20
3670,Theresa Sharp,20
3671,Shane Lee,25
3672,Andrew Burke,24
3674,Joe Hawkins,23
3675,Jonathan Cooley V,19
3676,Ryan Dalton,18
3677,Eric Hardy,18
3678,Peter Gregory,24
3679,Kevin Robinson,18
3680,Beth Webb,20
3681,Ellen Johnson,24
3682,Mr. Ronald Dunn,20
3683,Jessica Trevino,24
3684,Cassandra Lee,24
3685,Deborah Craig,18
3687,Rachel Martin,25
3689,Cynthia Kent,25
3690,Timothy Davis,24
3691,Danielle Osborne,23
3692,Megan Rojas,18
3693,Shannon Phillips MD,24
3694,Christopher Charles,25
3695,Diana Stout,19
3696,Miguel Smith,24
3697,Andrew Wagner,22
3698,Joseph Cross,21
3700,Shannon Miller,25
3701,Christopher Turner,23
3702,Jordan Dawson,24
3703,William Mcintosh,22
3704,Charles Tate,19
3705,Michael Miller IV,24
3706,Nicholas Summers,21
3707,Kristopher Jones,25
3708,Samantha James,21
3710,Tracy Flores,19
3711,Megan Lee,24
3712,George Vargas,19
3713,Caroline Rivera,19
3714,Jessica Olson,21
3715,Greg Graham,22
3716,Jacob Wise,25
3717,Rick Morton,24
3718,Drew Harris,22
3719,Kenneth Simmons,24
3720,Raymond Clark,22
3721,Tina Griffin,23
3722,Jeffrey George,24
3723,Charles Carter,19
3725,Nicholas Price,24
3726,Diana Scott,23
3727,Madison Rice,19
3728,Daniel Hoffman,18
3730,Brianna Small,19
3731,Mr. Jeffrey Huang Jr.,24
3733,Evan Bailey,24
3734,Amanda Bird,21
3735,Benjamin May,25
3736,Michael Dunn,18
3737,Lydia Harris,20
3738,Angela Reynolds PhD,24
3739,Tyler Christensen,18
3740,Samantha Anderson,20
3741,Rachel Wilkins,23
3742,Sandra Ramos,20
3743,Joshua Trujillo,21
3744,Melissa Underwood,19
3745,Robert Rivera,23
3746,Jesse Wolf,20
3747,Michael Johnson,20
3749,Joshua Bentley,25
3750,Jesus Campbell,22
3751,Mitchell Hughes,23
3752,Nicole Thompson DVM,18
3753,Lucas Jones,23
3754,Jeffrey White,23
3755,Brenda Wright,19
3756,Steven Hinton,22
3757,Thomas Robinson,24
3758,William Chan,24
3759,Michael Carey,23
3760,Elizabeth Smith,23
3761,Joseph Alexander MD,25
3762,Sara Moore,18
3763,Mary Vazquez MD,23
3764,Christine Thomas,24
3765,Molly Campbell,25
3766,Jason Zhang,23
3767,Sierra Castro,21
3768,Rebecca Contreras,22
3769,Zachary Peterson,25
3771,Chelsea Warren,22
3772,Denise Vasquez,21
3773,Stephanie Jones,23
3774,Johnny Brewer,22
3775,John Henderson,19
3776,Debra Harris,24
3777,Samantha Moss,21
3778,Shelly Moreno,24
3779,Luis Wagner,24
3780,Tom Garner,24
3781,Robert Daniel,22
3782,Sylvia Smith,25
3783,Traci Ramos,22
3784,Alicia Fisher,24
3785,Stuart Alexander,23
3786,James Weber,22
3787,Jasmine Pruitt,18
3788,Jennifer Wolfe,18
3789,Shannon Edwards,20
3790,Kathleen Garza,23
3791,Bianca Becker,21
3792,Julie Ward,21
3793,Jessica Juarez,24
3794,John Woods,23
3795,Casey Schwartz,24
3796,Jessica Miller,24
3797,Stephanie Lang,21
3799,Dr. Jennifer Haynes,22
3800,Mario Thompson,18
3801,Sheila Kim,18
3802,Henry Daniels,18
3803,Brooke Stephens,19
3804,Jesus Lee,22
3805,James Wagner,25
3806,Brianna Stanley,18
3809,Sean Solomon,22
3810,Mark Mccarthy,21
3811,Lisa Ryan,18
3813,Tanner Owens,25
3814,Margaret Moreno,20
3815,Jessica Nguyen,19
3817,Peter Wright,18
3818,Christina Torres,23
3819,Donna Dunn,22
3821,Jacob Barnett,20
3822,Paul Nixon,25
3823,Willie Lee,19
3824,Christina Simmons,18
3825,Kayla Wagner,19
3826,Alyssa Henry,20
3828,Kevin Burns,22
3829,Kelly Morris,21
3830,Sara Patterson,21
3831,Paul Thomas,22
3833,Leah Lopez,19
3834,Roy Gross,20
3835,Megan Beard,18
3836,Ronald Porter,19
3837,Sergio Gonzalez,25
3838,Kyle Wallace,23
3840,Sara Howard,20
3841,Jessica Underwood,21
3842,Michael Glover,24
3843,Richard Patrick,22
3844,Erica Adams,19
3845,Daniel Armstrong,19
3847,Timothy Hart,24
3848,Julie Marshall,23
3849,Eric Monroe,21
3851,Vanessa King,25
3852,Wesley Smith,18
3854,Emma Hubbard,22
3855,Aaron Gonzalez,21
3857,William Lewis,22
3858,Mary Smith,24
3859,Christopher Wiley,20
3860,Tina Wright,18
3861,Samantha Young,24
3862,Kristie Clark,22
3863,Hector Flores,20
3864,Ian King,22
3866,Joyce Hernandez,18
3867,Brian Walker,20
3868,Jordan Avery,19
3869,Renee Lane,23
3870,Mary Rubio,24
3871,Sara Mathews,22
3872,Brad Cross,23
3873,Eric Holland,22
3874,Lisa Rogers,25
3875,Christine Joyce,19
3877,Victor Meyer,24
3878,Anthony Williams,25
3879,Alisha Parker,20
3880,Joseph Trevino,23
3883,Brent Dickson,22
3884,Jason Watts,23
3886,Carmen Graham,18
3887,Sherri Johns,22
3888,Kristi Jones,20
3889,Steven Schneider,24
3890,Isabella Allen,22
3891,Donna Daniels,24
3892,Lance Cain,22
3893,David Jones,21
3894,Steven Cain,24
3896,Christopher Evans,22
3897,Amy Hodge,21
3898,John Ellis,23
3899,Michael Lindsey,19
3900,Christina Conrad,18
3901,Yvette Contreras,23
3902,Darren Huerta,21
3903,Tamara Juarez,25
3906,Catherine Porter,25
3907,Lisa Vega,24
3909,Rita Cooper,18
3912,Carol Wilson,20
3914,Mr. Joseph Williams,22
3915,Shawna Davis,18
3916,Kevin Hill,19
3918,Angela Poole,23
3920,William Stephens,19
3924,Angela Coleman,21
3925,Scott Henry,22
3926,Mr. Alex Cook,18
3927,Kenneth Franklin,24
3929,Howard Brown,24
3930,Michael Williams,24
3931,Michael Knight,19
3933,Ann Barr,24
3937,Jared Myers,24
3938,Jeremy Phillips,22
3939,Renee Williams,20
3940,Gabriel Hansen,21
3943,Angela Tate,19
3944,Stacy Novak,19
3945,Gloria Garcia,23
3947,Felicia Mclean,18
3948,Stacey Reyes,18
3950,Matthew Evans,21
3951,David Vincent,21
3956,Lauren Higgins,25
3957,Gary Hamilton,20
3960,Laura Chang,22
3962,Noah Boyd,25
3964,Ashley Johnson,21
3966,Erika Hardy,25
3968,Stephen Ewing,21
3980,Dustin Yoder,21
3981,Linda Guzman,18
3982,Robert Ryan,19
3983,Misty Romero,20
3985,David Vasquez,20
3986,Mary Mack,19
3987,Heidi Gonzalez,21
3988,Ryan Simpson,23
3989,Todd Peterson,22
3990,Kayla Hernandez,25
3991,Samantha Ford,22
3992,Christine Hall,19
3993,Austin Cox,25
3994,Chase Mcdaniel,18
3995,Caitlin Dickerson,23
3996,Thomas Christensen,22
3997,Travis Fisher,21
3998,Barbara Brooks,24
3999,Justin Gillespie,23
4000,Lisa White,25
4001,James Martinez,25
4002,Megan Henry,18
4003,Bob Howard,21
4004,Richard Anderson,22
4006,Joann Simmons,21
4007,Perry Lane,18
4009,Brittany Ramirez,24
4011,Eric Ramirez,21
4013,Vincent Wagner,23
4014,Kaitlin Phillips,18
4016,Vanessa Snyder,23
4017,Kristine Nguyen,20
4018,Robert Morrow,21
4019,Stephen Trevino,24
4020,Martin Ramsey,18
4021,Thomas Williams,22
4023,Melissa Franco,22
4026,William Howe,21
4027,Rita Buck,18
4031,Jeremy Henry,25
